game,round,phase,is_starter,is_playing,player,minutes,points,two_points_made,two_points_attempted,three_points_made,three_points_attempted,free_throws_made,free_throws_attempted,offensive_rebounds,defensive_rebounds,total_rebounds,assists,steals,turnovers,blocks_favour,blocks_against,fouls_committed,fouls_received,valuation,plus_minus,total_seconds
MAD-PAR,35,PLAYOFFS,True,True,Punter Kevin,34:08,26,1,3,5,8,9,9,0,3,3,6,0,2,0,0,1,6,33,7,2048
MAD-PAR,39,PLAYOFFS,True,True,Punter Kevin,36:48,28,1,4,7,13,5,5,0,2,2,3,0,2,0,1,2,7,26,-9,2208
PAR-MAD,32,REGULAR SEASON,False,True,Punter Kevin,29:13,16,5,12,1,2,3,3,0,2,2,6,3,0,0,1,3,3,18,24,1753
ULK-PAR,15,REGULAR SEASON,False,True,Punter Kevin,23:09,12,3,4,0,3,6,8,1,4,5,2,1,1,1,0,1,4,17,-5,1389
PAR-OLY,30,REGULAR SEASON,True,True,Punter Kevin,31:45,17,0,3,4,7,5,5,0,1,1,3,0,1,0,1,2,4,15,6,1905
BAR-PAR,9,REGULAR SEASON,False,True,Punter Kevin,12:53,2,0,5,0,0,2,2,1,0,1,0,1,0,0,0,1,2,0,-6,773
ZAL-PAR,23,REGULAR SEASON,True,True,Punter Kevin,25:06,14,4,5,2,4,0,0,0,1,1,3,1,1,0,0,3,0,12,3,1506
MAD-PAR,10,REGULAR SEASON,True,True,Punter Kevin,33:04,16,2,4,3,8,3,5,0,5,5,3,1,2,0,2,2,7,17,-8,1984
PAR-BAS,19,REGULAR SEASON,True,True,Punter Kevin,26:20,12,0,3,3,5,3,4,0,1,1,1,1,1,0,0,1,2,9,22,1580
TEL-PAR,18,REGULAR SEASON,False,True,Punter Kevin,28:16,22,4,6,3,5,5,5,0,2,2,3,1,1,0,0,4,5,24,7,1696
PAM-PAR,20,REGULAR SEASON,True,True,Punter Kevin,26:40,14,2,4,3,4,1,1,0,1,1,4,1,5,0,0,2,2,12,-2,1600
MCO-PAR,33,REGULAR SEASON,True,True,Punter Kevin,26:10,8,1,2,2,4,0,0,0,0,0,4,0,2,0,0,1,1,7,-11,1570
RED-PAR,21,REGULAR SEASON,True,True,Punter Kevin,20:37,6,0,1,1,3,3,4,0,1,1,1,1,0,0,0,4,4,5,2,1237
ASV-PAR,13,REGULAR SEASON,False,True,Punter Kevin,23:24,7,1,3,1,3,2,3,0,0,0,1,0,0,0,0,0,3,6,-1,1404
PAR-TEL,8,REGULAR SEASON,False,True,Punter Kevin,32:18,13,4,10,1,5,2,2,0,5,5,3,0,0,1,1,3,2,10,13,1938
PAR-ASV,22,REGULAR SEASON,True,True,Punter Kevin,21:02,22,5,10,3,5,3,3,2,2,4,2,1,0,0,0,2,4,24,22,1262
PAR-PAM,11,REGULAR SEASON,False,True,Punter Kevin,27:40,19,2,4,3,7,6,7,0,0,0,3,1,5,0,1,5,4,9,4,1660
MAD-PAR,36,PLAYOFFS,True,True,Punter Kevin,25:51,14,0,2,4,6,2,2,0,1,1,3,1,2,0,0,5,5,13,17,1551
PAR-PAN,34,REGULAR SEASON,False,True,Punter Kevin,31:25,17,4,10,3,6,0,0,1,0,1,2,0,3,1,2,3,3,7,3,1885
PAR-MUN,16,REGULAR SEASON,False,True,Punter Kevin,22:28,6,1,6,0,2,4,4,0,1,1,2,1,0,0,0,4,3,2,-9,1348
VIR-PAR,27,REGULAR SEASON,True,True,Punter Kevin,30:36,17,6,8,1,3,2,2,0,1,1,1,3,0,0,0,3,3,18,20,1836
PAR-BER,26,REGULAR SEASON,True,True,Punter Kevin,29:01,16,2,4,2,5,6,6,0,2,2,3,3,3,0,0,3,4,17,19,1741
PAR-RED,12,REGULAR SEASON,True,True,Punter Kevin,29:26,15,5,7,1,5,2,2,1,0,1,0,3,1,0,0,3,3,12,-2,1766
BAS-PAR,2,REGULAR SEASON,False,True,Punter Kevin,33:00,26,4,11,3,7,9,9,2,3,5,2,1,1,0,0,4,6,24,-8,1980
MUN-PAR,24,REGULAR SEASON,True,True,Punter Kevin,26:56,19,5,8,1,2,6,6,0,2,2,1,0,0,0,0,2,3,19,0,1616
OLY-PAR,7,REGULAR SEASON,True,True,Punter Kevin,33:26,14,5,6,1,7,1,2,0,0,0,2,4,2,0,0,4,4,10,-26,2006
IST-PAR,29,REGULAR SEASON,True,True,Punter Kevin,27:57,19,3,5,3,5,4,4,0,3,3,1,1,1,0,2,3,3,17,11,1677
PAN-PAR,6,REGULAR SEASON,True,True,Punter Kevin,35:48,29,4,9,6,8,3,4,0,1,1,4,1,3,0,1,3,4,24,-3,2148
PAR-ULK,25,REGULAR SEASON,True,True,Punter Kevin,28:52,25,5,7,3,6,6,6,0,1,1,2,0,0,0,1,5,7,24,6,1732
PAR-BAR,31,REGULAR SEASON,True,True,Punter Kevin,26:54,16,5,11,1,6,3,3,0,2,2,2,0,0,1,1,3,3,9,-9,1614
BER-PAR,1,REGULAR SEASON,True,True,Punter Kevin,32:04,13,2,5,1,5,6,6,0,6,6,3,1,0,0,0,1,6,21,-9,1924
PAR-MIL,3,REGULAR SEASON,True,True,Punter Kevin,33:02,7,1,5,1,4,2,2,0,5,5,2,0,1,0,1,2,3,6,-1,1982
PAR-IST,14,REGULAR SEASON,False,True,Punter Kevin,30:43,18,6,9,0,2,6,6,0,2,2,4,3,0,0,2,0,6,26,-1,1843
PAR-VIR,4,REGULAR SEASON,False,True,Punter Kevin,23:18,10,3,5,1,6,1,2,2,1,3,3,1,1,0,1,3,3,7,5,1398
MIL-PAR,28,REGULAR SEASON,True,True,Punter Kevin,28:46,15,5,8,0,3,5,5,0,5,5,3,0,1,0,1,3,4,16,3,1726
PAR-ZAL,5,REGULAR SEASON,False,True,Punter Kevin,19:28,26,7,10,3,4,3,4,0,0,0,1,1,3,0,0,4,4,20,10,1168
PAR-MCO,17,REGULAR SEASON,True,True,Punter Kevin,24:25,19,2,5,4,5,3,3,0,1,1,4,1,2,0,0,4,3,18,17,1465
MAD-PAR,39,PLAYOFFS,False,False,Vukcevic Tristan,00:00,0,0,0,0,0,0,0,0,0,0,0,0,0,0,0,0,0,0,0,0
MAD-PAR,39,PLAYOFFS,True,True,Leday Zach,32:27,9,0,5,3,5,0,0,0,3,3,1,0,0,1,1,2,1,5,-13,1947
MAD-PAR,39,PLAYOFFS,False,False,Koprivica Balsa,00:00,0,0,0,0,0,0,0,0,0,0,0,0,0,0,0,0,0,0,0,0
MAD-PAR,39,PLAYOFFS,True,True,Smailagic Alen,08:56,4,2,3,0,0,0,0,0,1,1,0,2,0,3,0,5,2,6,4,536
MAD-PAR,39,PLAYOFFS,True,True,Papapetrou Ioannis,28:42,10,2,4,1,1,3,4,1,1,2,1,0,3,2,0,3,3,9,-6,1722
MAD-PAR,39,PLAYOFFS,False,True,Lessort Mathias,25:03,13,3,5,0,0,7,8,1,1,2,1,1,0,0,0,4,6,16,-5,1503
MAD-PAR,39,PLAYOFFS,False,True,Trifunovic Uros,04:06,0,0,2,0,1,0,0,0,1,1,0,0,0,0,1,0,0,-3,4,246
MAD-PAR,39,PLAYOFFS,True,True,Madar Yam,17:02,5,2,4,0,1,1,2,2,2,4,4,0,0,0,0,2,1,8,-9,1022
MAD-PAR,39,PLAYOFFS,False,True,PARTIZAN MOZZART BET BELGRADE,200:00,94,12,32,15,29,25,30,8,20,28,16,4,6,6,3,23,28,105,0,12000
PAR-MAD,32,REGULAR SEASON,False,False,Vukcevic Tristan,00:00,0,0,0,0,0,0,0,0,0,0,0,0,0,0,0,0,0,0,0,0
PAR-MAD,32,REGULAR SEASON,True,True,Leday Zach,26:11,6,0,3,1,1,3,3,1,1,2,0,0,2,0,0,3,2,2,5,1571
PAR-MAD,32,REGULAR SEASON,True,True,Avramovic Aleksa,15:17,5,1,5,1,4,0,0,0,2,2,1,2,0,0,0,1,1,3,4,917
PAR-MAD,32,REGULAR SEASON,True,True,Smailagic Alen,09:07,11,3,5,1,1,2,4,0,0,0,1,1,1,0,2,5,2,3,4,547
PAR-MAD,32,REGULAR SEASON,True,True,Papapetrou Ioannis,22:05,10,4,5,0,0,2,2,1,4,5,0,0,2,0,0,4,2,10,5,1325
PAR-MAD,32,REGULAR SEASON,False,True,Lessort Mathias,30:51,16,7,9,0,0,2,3,4,4,8,3,2,0,1,0,4,6,29,10,1851
PAR-MAD,32,REGULAR SEASON,True,True,Trifunovic Uros,08:52,4,0,0,1,1,1,2,0,0,0,1,0,0,0,0,0,1,5,-10,532
PAR-MAD,32,REGULAR SEASON,False,True,Madar Yam,05:56,2,1,1,0,0,0,0,0,0,0,0,0,3,0,0,3,0,-4,-4,356
PAR-MAD,32,REGULAR SEASON,False,True,PARTIZAN MOZZART BET BELGRADE,200:00,104,29,51,7,13,25,31,10,22,32,19,8,9,1,3,27,24,115,0,12000
ULK-PAR,15,REGULAR SEASON,False,False,Vukcevic Tristan,00:00,0,0,0,0,0,0,0,0,0,0,0,0,0,0,0,0,0,0,0,0
ULK-PAR,15,REGULAR SEASON,True,True,Leday Zach,28:17,8,4,6,0,0,0,0,0,6,6,2,0,0,0,0,3,1,12,0,1697
ULK-PAR,15,REGULAR SEASON,False,True,Avramovic Aleksa,08:32,6,1,1,0,0,4,7,1,2,3,0,0,1,0,0,2,5,8,2,512
ULK-PAR,15,REGULAR SEASON,True,True,Smailagic Alen,07:29,4,2,4,0,2,0,0,1,0,1,0,2,0,0,1,1,0,1,-8,449
ULK-PAR,15,REGULAR SEASON,False,True,Papapetrou Ioannis,26:32,5,1,6,1,2,0,2,2,4,6,1,1,0,1,0,2,3,7,4,1592
ULK-PAR,15,REGULAR SEASON,False,True,Lessort Mathias,32:04,12,4,7,0,0,4,6,2,2,4,0,1,0,0,0,3,4,13,9,1924
ULK-PAR,15,REGULAR SEASON,True,True,Trifunovic Uros,05:02,0,0,0,0,0,0,0,0,0,0,0,0,0,0,0,0,0,0,-4,302
ULK-PAR,15,REGULAR SEASON,False,True,Madar Yam,13:35,7,1,3,1,3,2,4,1,3,4,2,0,1,0,1,1,2,6,2,815
ULK-PAR,15,REGULAR SEASON,False,True,PARTIZAN MOZZART BET BELGRADE,200:00,73,19,42,4,14,23,34,9,29,38,12,5,7,2,2,21,25,81,0,12000
PAR-OLY,30,REGULAR SEASON,False,False,Vukcevic Tristan,00:00,0,0,0,0,0,0,0,0,0,0,0,0,0,0,0,0,0,0,0,0
PAR-OLY,30,REGULAR SEASON,True,True,Leday Zach,22:06,6,1,1,1,3,1,1,1,3,4,0,0,1,0,0,1,4,10,4,1326
PAR-OLY,30,REGULAR SEASON,False,True,Avramovic Aleksa,16:45,2,1,1,0,1,0,0,0,3,3,1,0,2,0,0,4,1,0,18,1005
PAR-OLY,30,REGULAR SEASON,True,True,Smailagic Alen,07:40,5,1,4,1,1,0,0,1,0,1,0,0,1,0,1,2,0,-1,-9,460
PAR-OLY,30,REGULAR SEASON,False,True,Papapetrou Ioannis,15:22,10,2,3,2,5,0,0,0,3,3,2,1,1,0,0,1,0,10,10,922
PAR-OLY,30,REGULAR SEASON,False,True,Lessort Mathias,32:20,12,4,6,0,0,4,4,5,5,10,3,0,1,0,0,0,4,26,24,1940
PAR-OLY,30,REGULAR SEASON,False,True,Trifunovic Uros,05:11,0,0,0,0,1,0,0,0,1,1,1,0,0,0,0,1,0,0,0,311
PAR-OLY,30,REGULAR SEASON,True,True,Madar Yam,14:54,4,1,4,0,2,2,2,0,0,0,3,2,1,0,1,2,2,2,3,894
PAR-OLY,30,REGULAR SEASON,False,True,PARTIZAN MOZZART BET BELGRADE,200:00,90,19,35,12,29,16,18,9,22,31,22,8,10,0,4,19,21,104,0,12000
BAR-PAR,9,REGULAR SEASON,True,True,Leday Zach,30:30,8,2,6,0,1,4,4,0,3,3,1,0,0,0,0,2,4,9,-17,1830
BAR-PAR,9,REGULAR SEASON,False,True,Smailagic Alen,08:01,5,0,2,1,1,2,2,1,0,1,0,0,0,1,0,4,1,2,-1,481
BAR-PAR,9,REGULAR SEASON,True,True,Papapetrou Ioannis,25:24,4,1,4,0,3,2,2,1,3,4,0,0,0,0,1,0,2,3,-10,1524
BAR-PAR,9,REGULAR SEASON,False,True,Brodziansky Vladimir,14:33,3,0,2,1,1,0,0,1,4,5,1,0,0,1,0,3,0,5,3,873
BAR-PAR,9,REGULAR SEASON,False,False,Glas Gregor,00:00,0,0,0,0,0,0,0,0,0,0,0,0,0,0,0,0,0,0,0,0
BAR-PAR,9,REGULAR SEASON,True,True,Lessort Mathias,26:54,5,2,2,0,0,1,2,2,3,5,1,1,0,1,0,3,2,11,-7,1614
BAR-PAR,9,REGULAR SEASON,False,True,Trifunovic Uros,08:07,0,0,0,0,1,0,0,0,1,1,1,0,1,0,0,1,0,-1,6,487
BAR-PAR,9,REGULAR SEASON,True,True,Madar Yam,16:55,2,1,4,0,3,0,0,0,1,1,2,0,1,0,1,1,0,-4,-9,1015
BAR-PAR,9,REGULAR SEASON,False,True,PARTIZAN MOZZART BET BELGRADE,200:00,68,13,36,6,20,24,26,11,19,30,10,3,8,5,2,21,21,67,0,12000
ZAL-PAR,23,REGULAR SEASON,False,False,Vukcevic Tristan,00:00,0,0,0,0,0,0,0,0,0,0,0,0,0,0,0,0,0,0,0,0
ZAL-PAR,23,REGULAR SEASON,True,True,Leday Zach,27:59,11,2,6,1,2,4,4,3,7,10,0,0,1,0,0,3,3,15,16,1679
ZAL-PAR,23,REGULAR SEASON,True,True,Avramovic Aleksa,20:51,3,0,2,1,2,0,0,1,2,3,4,0,0,1,0,2,1,7,1,1251
ZAL-PAR,23,REGULAR SEASON,False,True,Smailagic Alen,15:36,8,1,3,2,2,0,0,2,0,2,0,0,0,0,0,2,2,8,13,936
ZAL-PAR,23,REGULAR SEASON,True,True,Papapetrou Ioannis,26:42,17,3,6,3,4,2,2,3,1,4,0,0,0,0,1,2,3,17,-2,1602
ZAL-PAR,23,REGULAR SEASON,True,True,Lessort Mathias,29:28,14,5,8,0,0,4,7,2,4,6,1,0,6,0,1,3,4,9,8,1768
ZAL-PAR,23,REGULAR SEASON,False,True,Trifunovic Uros,17:08,0,0,0,0,1,0,0,0,1,1,4,0,0,0,0,2,0,2,13,1028
ZAL-PAR,23,REGULAR SEASON,False,False,Madar Yam,00:00,0,0,0,0,0,0,0,0,0,0,0,0,0,0,0,0,0,0,0,0
ZAL-PAR,23,REGULAR SEASON,False,True,PARTIZAN MOZZART BET BELGRADE,200:00,88,18,34,13,22,13,16,15,17,32,15,4,11,1,2,22,19,96,0,12000
MAD-PAR,10,REGULAR SEASON,True,True,Leday Zach,28:50,20,2,5,4,6,4,4,3,3,6,6,0,3,1,0,3,5,27,0,1730
MAD-PAR,10,REGULAR SEASON,False,True,Papapetrou Ioannis,12:47,0,0,2,0,2,0,0,0,0,0,1,0,0,0,0,2,0,-5,-5,767
MAD-PAR,10,REGULAR SEASON,True,True,Brodziansky Vladimir,21:54,8,1,1,2,5,0,0,0,1,1,1,2,0,0,0,4,0,5,-3,1314
MAD-PAR,10,REGULAR SEASON,False,False,Glas Gregor,00:00,0,0,0,0,0,0,0,0,0,0,0,0,0,0,0,0,0,0,0,0
MAD-PAR,10,REGULAR SEASON,False,True,Lessort Mathias,16:01,8,3,4,0,0,2,2,2,1,3,0,0,2,2,0,2,2,10,-11,961
MAD-PAR,10,REGULAR SEASON,False,False,Trifunovic Uros,00:00,0,0,0,0,0,0,0,0,0,0,0,0,0,0,0,0,0,0,0,0
MAD-PAR,10,REGULAR SEASON,False,True,Madar Yam,05:08,0,0,0,0,1,0,0,0,0,0,2,0,0,0,0,0,0,1,-5,308
MAD-PAR,10,REGULAR SEASON,False,True,PARTIZAN MOZZART BET BELGRADE,200:00,97,15,29,17,35,16,18,9,15,24,21,3,13,3,2,22,20,97,0,12000
PAR-BAS,19,REGULAR SEASON,False,False,Vukcevic Tristan,00:00,0,0,0,0,0,0,0,0,0,0,0,0,0,0,0,0,0,0,0,0
PAR-BAS,19,REGULAR SEASON,False,True,Leday Zach,19:38,2,1,1,0,1,0,0,1,4,5,0,1,0,2,1,2,1,7,16,1178
PAR-BAS,19,REGULAR SEASON,True,True,Avramovic Aleksa,19:21,7,2,4,1,2,0,0,0,3,3,4,1,3,1,0,2,0,8,3,1161
PAR-BAS,19,REGULAR SEASON,False,True,Smailagic Alen,12:09,0,0,1,0,1,0,0,2,1,3,1,0,0,0,0,3,1,0,1,729
PAR-BAS,19,REGULAR SEASON,True,True,Papapetrou Ioannis,29:50,13,2,4,3,5,0,0,1,3,4,6,2,0,0,0,3,1,19,12,1790
PAR-BAS,19,REGULAR SEASON,True,True,Lessort Mathias,27:51,11,5,7,0,0,1,4,2,3,5,3,0,2,1,0,2,9,20,17,1671
PAR-BAS,19,REGULAR SEASON,True,True,Trifunovic Uros,25:36,15,2,3,3,4,2,2,0,2,2,0,2,0,0,0,1,2,18,1,1536
PAR-BAS,19,REGULAR SEASON,False,True,Madar Yam,14:34,10,2,2,0,0,6,6,0,2,2,0,0,1,0,0,2,3,12,9,874
PAR-BAS,19,REGULAR SEASON,False,True,PARTIZAN MOZZART BET BELGRADE,200:00,83,15,28,13,23,14,19,7,25,32,17,8,13,4,1,19,20,103,0,12000
TEL-PAR,18,REGULAR SEASON,False,False,Vukcevic Tristan,00:00,0,0,0,0,0,0,0,0,0,0,0,0,0,0,0,0,0,0,0,0
TEL-PAR,18,REGULAR SEASON,True,True,Leday Zach,33:58,15,6,10,0,0,3,4,5,4,9,0,0,0,1,3,2,4,19,-8,2038
TEL-PAR,18,REGULAR SEASON,False,True,Avramovic Aleksa,13:32,15,5,8,1,3,2,2,3,0,3,3,0,3,0,0,4,2,11,1,812
TEL-PAR,18,REGULAR SEASON,True,True,Smailagic Alen,04:22,0,0,0,0,2,0,0,1,0,1,0,0,1,0,0,0,0,-2,-10,262
TEL-PAR,18,REGULAR SEASON,True,True,Papapetrou Ioannis,19:35,2,1,2,0,0,0,0,0,3,3,0,1,2,0,0,1,1,3,-14,1175
TEL-PAR,18,REGULAR SEASON,False,True,Lessort Mathias,35:38,5,2,4,0,0,1,2,1,7,8,2,1,0,0,1,2,4,14,1,2138
TEL-PAR,18,REGULAR SEASON,False,True,Trifunovic Uros,17:19,3,0,1,1,2,0,0,0,2,2,0,1,1,0,1,1,0,1,0,1039
TEL-PAR,18,REGULAR SEASON,True,True,Madar Yam,03:04,0,0,1,0,1,0,0,0,0,0,0,0,0,0,0,1,0,-3,0,184
TEL-PAR,18,REGULAR SEASON,False,True,PARTIZAN MOZZART BET BELGRADE,200:00,81,21,40,6,20,21,25,11,22,33,10,5,13,1,6,22,25,77,0,12000
PAM-PAR,20,REGULAR SEASON,False,False,Vukcevic Tristan,00:00,0,0,0,0,0,0,0,0,0,0,0,0,0,0,0,0,0,0,0,0
PAM-PAR,20,REGULAR SEASON,False,True,Leday Zach,13:24,7,1,2,1,1,2,2,0,1,1,1,1,1,0,0,2,2,8,-9,804
PAM-PAR,20,REGULAR SEASON,True,True,Avramovic Aleksa,14:47,0,0,1,0,1,0,0,0,1,1,0,0,1,0,0,4,1,-5,-4,887
PAM-PAR,20,REGULAR SEASON,False,True,Smailagic Alen,16:18,7,2,2,0,1,3,4,0,2,2,1,2,1,1,0,2,2,10,-1,978
PAM-PAR,20,REGULAR SEASON,True,True,Papapetrou Ioannis,20:29,3,0,2,1,3,0,0,0,0,0,2,1,0,0,0,1,1,2,-11,1229
PAM-PAR,20,REGULAR SEASON,True,True,Lessort Mathias,20:06,8,3,3,0,0,2,2,1,2,3,3,0,2,1,0,5,5,13,-3,1206
PAM-PAR,20,REGULAR SEASON,True,True,Trifunovic Uros,24:00,9,0,1,3,4,0,0,1,5,6,3,1,0,0,1,0,1,17,3,1440
PAM-PAR,20,REGULAR SEASON,False,True,Madar Yam,01:44,0,0,0,0,1,0,0,0,0,0,0,0,0,0,0,1,1,-1,2,104
PAM-PAR,20,REGULAR SEASON,False,True,PARTIZAN MOZZART BET BELGRADE,200:00,81,14,24,12,25,17,21,4,14,18,15,7,15,2,1,26,24,78,0,12000
MAD-PAR,35,PLAYOFFS,False,False,Vukcevic Tristan,00:00,0,0,0,0,0,0,0,0,0,0,0,0,0,0,0,0,0,0,0,0
MAD-PAR,35,PLAYOFFS,True,True,Leday Zach,32:30,13,4,7,0,2,5,5,1,3,4,1,0,3,0,0,5,5,10,14,1950
MAD-PAR,35,PLAYOFFS,True,True,Avramovic Aleksa,20:11,8,1,3,2,4,0,0,0,3,3,1,0,0,0,0,2,2,8,-4,1211
MAD-PAR,35,PLAYOFFS,True,True,Smailagic Alen,10:40,11,1,3,3,3,0,0,0,2,2,1,1,1,0,1,4,0,7,13,640
MAD-PAR,35,PLAYOFFS,False,True,Papapetrou Ioannis,05:58,0,0,0,0,1,0,0,0,0,0,0,0,0,0,0,2,0,-3,-15,358
MAD-PAR,35,PLAYOFFS,False,True,Lessort Mathias,29:38,11,4,7,0,0,3,4,1,2,3,1,1,1,1,1,2,7,16,-9,1778
MAD-PAR,35,PLAYOFFS,True,True,Trifunovic Uros,13:15,1,0,1,0,2,1,2,1,2,3,0,0,0,0,0,1,1,0,1,795
MAD-PAR,35,PLAYOFFS,False,True,Madar Yam,14:18,6,0,1,2,2,0,0,1,1,2,0,0,0,1,0,0,0,8,3,858
MAD-PAR,35,PLAYOFFS,False,True,PARTIZAN MOZZART BET BELGRADE,200:00,89,13,29,13,26,24,27,8,22,30,13,2,10,2,3,23,28,96,0,12000
MCO-PAR,33,REGULAR SEASON,False,False,Vukcevic Tristan,00:00,0,0,0,0,0,0,0,0,0,0,0,0,0,0,0,0,0,0,0,0
MCO-PAR,33,REGULAR SEASON,True,True,Leday Zach,36:38,22,3,7,1,3,13,14,0,2,2,0,0,1,0,1,3,12,24,-7,2198
MCO-PAR,33,REGULAR SEASON,False,True,Avramovic Aleksa,24:37,22,5,5,3,8,3,4,0,3,3,3,1,2,0,0,4,3,20,14,1477
MCO-PAR,33,REGULAR SEASON,True,True,Smailagic Alen,16:12,12,2,3,2,3,2,4,3,1,4,1,0,1,1,0,4,5,14,5,972
MCO-PAR,33,REGULAR SEASON,True,True,Papapetrou Ioannis,18:04,6,0,0,2,2,0,0,0,3,3,0,0,0,0,0,3,0,6,2,1084
MCO-PAR,33,REGULAR SEASON,False,True,Lessort Mathias,23:22,4,2,3,0,0,0,0,1,8,9,2,2,3,0,0,4,1,10,-1,1402
MCO-PAR,33,REGULAR SEASON,False,False,Trifunovic Uros,00:00,0,0,0,0,0,0,0,0,0,0,0,0,0,0,0,0,0,0,0,0
MCO-PAR,33,REGULAR SEASON,True,True,Madar Yam,08:18,0,0,3,0,1,0,0,0,0,0,0,0,0,0,0,2,0,-6,0,498
MCO-PAR,33,REGULAR SEASON,False,True,PARTIZAN MOZZART BET BELGRADE,200:00,88,16,30,11,24,23,27,7,20,27,13,5,14,1,2,23,24,88,0,12000
RED-PAR,21,REGULAR SEASON,False,True,Leday Zach,32:18,20,3,7,4,5,2,2,1,2,3,0,2,0,1,1,2,4,22,3,1938
RED-PAR,21,REGULAR SEASON,False,True,Avramovic Aleksa,10:32,3,0,2,1,5,0,0,0,1,1,4,0,0,0,0,2,1,1,0,632
RED-PAR,21,REGULAR SEASON,False,True,Smailagic Alen,12:27,7,3,4,0,0,1,2,3,1,4,0,1,1,0,0,2,3,10,0,747
RED-PAR,21,REGULAR SEASON,True,True,Papapetrou Ioannis,21:27,0,0,2,0,1,0,0,1,2,3,1,0,0,1,0,1,2,3,-1,1287
RED-PAR,21,REGULAR SEASON,False,False,Brodziansky Vladimir,00:00,0,0,0,0,0,0,0,0,0,0,0,0,0,0,0,0,0,0,0,0
RED-PAR,21,REGULAR SEASON,True,True,Lessort Mathias,27:27,13,5,6,0,0,3,4,1,7,8,0,2,1,0,0,3,2,19,1,1647
RED-PAR,21,REGULAR SEASON,True,True,Trifunovic Uros,18:48,0,0,1,0,0,0,0,0,2,2,0,2,0,0,0,2,2,3,-2,1128
RED-PAR,21,REGULAR SEASON,False,True,Madar Yam,04:40,5,0,2,1,1,2,2,0,0,0,0,1,0,0,0,1,1,4,-1,280
RED-PAR,21,REGULAR SEASON,False,True,PARTIZAN MOZZART BET BELGRADE,200:00,79,15,36,10,24,19,23,11,19,30,13,12,7,2,1,22,25,92,0,12000
ASV-PAR,13,REGULAR SEASON,False,False,Vukcevic Tristan,00:00,0,0,0,0,0,0,0,0,0,0,0,0,0,0,0,0,0,0,0,0
ASV-PAR,13,REGULAR SEASON,True,True,Leday Zach,35:55,10,4,5,0,1,2,2,2,3,5,3,1,0,0,0,4,5,18,1,2155
ASV-PAR,13,REGULAR SEASON,False,True,Smailagic Alen,04:08,2,1,1,0,0,0,0,0,1,1,1,0,1,1,0,1,0,3,-1,248
ASV-PAR,13,REGULAR SEASON,True,True,Papapetrou Ioannis,22:58,7,2,4,1,3,0,1,0,1,1,0,1,0,0,0,2,1,3,-3,1378
ASV-PAR,13,REGULAR SEASON,False,True,Brodziansky Vladimir,06:09,0,0,1,0,0,0,0,0,1,1,0,0,1,0,0,2,0,-3,-3,369
ASV-PAR,13,REGULAR SEASON,True,True,Lessort Mathias,33:45,15,4,6,0,0,7,12,3,5,8,3,2,2,0,0,4,8,23,-5,2025
ASV-PAR,13,REGULAR SEASON,False,False,Trifunovic Uros,00:00,0,0,0,0,0,0,0,0,0,0,0,0,0,0,0,0,0,0,0,0
ASV-PAR,13,REGULAR SEASON,False,True,Madar Yam,04:55,3,0,0,1,1,0,0,0,0,0,0,1,0,0,0,3,0,1,5,295
ASV-PAR,13,REGULAR SEASON,False,True,PARTIZAN MOZZART BET BELGRADE,200:00,87,25,37,5,17,22,31,6,17,23,18,8,9,1,0,22,27,100,0,12000
PAR-TEL,8,REGULAR SEASON,False,False,Vukcevic Tristan,00:00,0,0,0,0,0,0,0,0,0,0,0,0,0,0,0,0,0,0,0,0
PAR-TEL,8,REGULAR SEASON,True,True,Leday Zach,36:43,21,5,8,2,3,5,6,1,6,7,2,1,1,0,1,2,5,27,4,2203
PAR-TEL,8,REGULAR SEASON,False,True,Smailagic Alen,04:44,9,4,4,0,0,1,1,2,0,2,0,0,0,0,0,1,1,11,-5,284
PAR-TEL,8,REGULAR SEASON,True,True,Papapetrou Ioannis,17:12,0,0,0,0,3,0,0,0,3,3,1,0,2,1,0,2,2,0,0,1032
PAR-TEL,8,REGULAR SEASON,False,False,Glas Gregor,00:00,0,0,0,0,0,0,0,0,0,0,0,0,0,0,0,0,0,0,0,0
PAR-TEL,8,REGULAR SEASON,True,True,Lessort Mathias,33:27,16,6,9,0,0,4,4,7,1,8,4,0,2,1,0,2,5,27,11,2007
PAR-TEL,8,REGULAR SEASON,False,True,Trifunovic Uros,00:15,0,0,0,0,0,0,0,0,0,0,0,0,0,0,0,0,0,0,0,15
PAR-TEL,8,REGULAR SEASON,True,True,Madar Yam,13:20,8,1,1,2,2,0,0,0,0,0,1,0,0,0,0,4,0,5,-5,800
PAR-TEL,8,REGULAR SEASON,False,True,PARTIZAN MOZZART BET BELGRADE,200:00,96,26,43,8,18,20,21,11,22,33,16,3,9,3,4,16,21,115,0,12000
PAR-ASV,22,REGULAR SEASON,False,False,Vukcevic Tristan,00:00,0,0,0,0,0,0,0,0,0,0,0,0,0,0,0,0,0,0,0,0
PAR-ASV,22,REGULAR SEASON,True,True,Leday Zach,32:10,9,3,3,0,1,3,4,1,6,7,1,3,0,0,0,1,4,21,20,1930
PAR-ASV,22,REGULAR SEASON,True,True,Avramovic Aleksa,12:18,6,3,4,0,1,0,0,0,1,1,0,1,2,0,0,1,1,4,12,738
PAR-ASV,22,REGULAR SEASON,False,True,Smailagic Alen,15:12,3,1,2,0,2,1,2,1,2,3,1,1,2,2,0,2,1,3,5,912
PAR-ASV,22,REGULAR SEASON,False,True,Papapetrou Ioannis,18:45,3,0,1,1,3,0,0,1,0,1,2,0,0,0,0,0,1,4,13,1125
PAR-ASV,22,REGULAR SEASON,True,True,Lessort Mathias,24:48,12,3,6,0,0,6,6,3,1,4,2,2,1,1,0,1,5,21,16,1488
PAR-ASV,22,REGULAR SEASON,True,True,Trifunovic Uros,14:08,7,2,3,1,1,0,0,0,1,1,1,1,0,0,0,2,0,7,2,848
PAR-ASV,22,REGULAR SEASON,False,True,Madar Yam,06:44,3,0,0,1,2,0,0,1,0,1,1,0,0,0,0,4,0,0,-2,404
PAR-ASV,22,REGULAR SEASON,False,True,PARTIZAN MOZZART BET BELGRADE,200:00,92,25,41,8,21,18,21,10,17,27,12,11,7,3,0,16,23,113,0,12000
PAR-PAM,11,REGULAR SEASON,False,True,Vukcevic Tristan,03:31,0,0,0,0,0,0,0,0,0,0,0,0,1,0,0,2,0,-3,-6,211
PAR-PAM,11,REGULAR SEASON,True,True,Leday Zach,37:36,12,4,8,0,1,4,4,0,2,2,1,1,1,0,1,4,4,9,-1,2256
PAR-PAM,11,REGULAR SEASON,True,True,Papapetrou Ioannis,27:22,4,1,1,0,3,2,2,1,2,3,1,2,0,0,0,0,5,12,-7,1642
PAR-PAM,11,REGULAR SEASON,True,True,Brodziansky Vladimir,05:33,0,0,1,0,0,0,0,0,0,0,0,0,0,0,0,0,0,-1,-2,333
PAR-PAM,11,REGULAR SEASON,False,False,Glas Gregor,00:00,0,0,0,0,0,0,0,0,0,0,0,0,0,0,0,0,0,0,0,0
PAR-PAM,11,REGULAR SEASON,False,True,Lessort Mathias,39:27,22,8,9,0,1,6,7,2,8,10,1,0,1,2,0,2,8,37,-2,2367
PAR-PAM,11,REGULAR SEASON,False,True,Trifunovic Uros,03:37,0,0,0,0,0,0,0,0,0,0,0,0,0,0,0,0,0,0,-2,217
PAR-PAM,11,REGULAR SEASON,True,True,Madar Yam,13:29,13,3,3,2,3,1,2,1,0,1,2,0,1,0,0,1,2,14,-2,809
PAR-PAM,11,REGULAR SEASON,False,True,PARTIZAN MOZZART BET BELGRADE,225:00,96,25,35,8,27,22,25,6,17,23,17,5,12,5,2,20,26,106,0,13500
MAD-PAR,36,PLAYOFFS,False,True,Vukcevic Tristan,00:00,0,0,0,0,0,0,0,0,0,0,0,0,0,0,0,1,0,-1,0,0
MAD-PAR,36,PLAYOFFS,True,True,Leday Zach,28:49,15,2,3,3,5,2,3,1,5,6,0,0,2,0,0,2,4,17,9,1729
MAD-PAR,36,PLAYOFFS,False,True,Avramovic Aleksa,12:43,4,2,2,0,2,0,0,0,1,1,3,2,0,0,0,2,0,6,6,763
MAD-PAR,36,PLAYOFFS,False,True,Smailagic Alen,07:40,7,2,2,1,1,0,1,0,0,0,0,0,0,0,0,4,2,4,5,460
MAD-PAR,36,PLAYOFFS,True,True,Papapetrou Ioannis,18:33,6,2,3,0,2,2,2,0,1,1,1,0,0,0,0,3,1,3,7,1113
MAD-PAR,36,PLAYOFFS,True,True,Lessort Mathias,29:23,10,4,6,0,0,2,2,4,5,9,1,1,1,1,1,2,4,20,5,1763
MAD-PAR,36,PLAYOFFS,False,True,Trifunovic Uros,00:33,0,0,0,0,0,0,0,0,0,0,1,0,0,0,0,1,0,0,1,33
MAD-PAR,36,PLAYOFFS,True,True,Madar Yam,12:03,4,2,4,0,2,0,0,0,1,1,3,0,1,1,0,4,1,1,9,723
MAD-PAR,36,PLAYOFFS,False,True,PARTIZAN MOZZART BET BELGRADE,190:00,95,17,28,12,28,25,28,7,22,29,15,7,11,2,1,34,27,99,0,11400
PAR-PAN,34,REGULAR SEASON,False,False,Vukcevic Tristan,00:00,0,0,0,0,0,0,0,0,0,0,0,0,0,0,0,0,0,0,0,0
PAR-PAN,34,REGULAR SEASON,True,True,Leday Zach,34:21,9,3,5,0,2,3,4,1,3,4,1,1,1,1,0,2,5,13,17,2061
PAR-PAN,34,REGULAR SEASON,False,True,Avramovic Aleksa,17:32,14,4,7,2,5,0,0,1,2,3,3,2,0,0,0,0,4,20,7,1052
PAR-PAN,34,REGULAR SEASON,False,True,Smailagic Alen,10:20,4,1,1,0,2,2,2,1,1,2,1,0,0,1,0,2,1,5,1,620
PAR-PAN,34,REGULAR SEASON,True,True,Papapetrou Ioannis,15:33,3,0,0,1,1,0,0,0,0,0,2,0,1,0,0,1,1,4,-13,933
PAR-PAN,34,REGULAR SEASON,True,True,Lessort Mathias,29:40,9,3,5,0,0,3,5,1,8,9,2,0,1,0,0,3,4,16,1,1780
PAR-PAN,34,REGULAR SEASON,False,True,Trifunovic Uros,06:20,0,0,0,0,0,0,0,0,0,0,0,0,0,0,0,1,0,-1,-5,380
PAR-PAN,34,REGULAR SEASON,True,True,Madar Yam,04:50,2,1,1,0,0,0,0,1,0,1,1,0,0,0,0,1,0,3,-1,290
PAR-PAN,34,REGULAR SEASON,False,True,PARTIZAN MOZZART BET BELGRADE,200:00,83,21,35,10,23,11,15,9,18,27,18,7,9,3,2,17,22,101,0,12000
PAR-MUN,16,REGULAR SEASON,False,False,Vukcevic Tristan,00:00,0,0,0,0,0,0,0,0,0,0,0,0,0,0,0,0,0,0,0,0
PAR-MUN,16,REGULAR SEASON,True,True,Leday Zach,34:40,15,4,6,1,1,4,5,0,9,9,0,0,0,0,0,2,4,23,10,2080
PAR-MUN,16,REGULAR SEASON,False,True,Avramovic Aleksa,03:13,2,1,3,0,0,0,1,0,1,1,0,0,0,0,0,0,1,1,3,193
PAR-MUN,16,REGULAR SEASON,False,True,Smailagic Alen,10:56,2,1,1,0,0,0,0,3,0,3,0,0,0,0,0,2,1,4,-1,656
PAR-MUN,16,REGULAR SEASON,False,True,Papapetrou Ioannis,19:55,2,1,2,0,1,0,0,0,2,2,0,0,1,1,0,3,0,-1,2,1195
PAR-MUN,16,REGULAR SEASON,True,True,Lessort Mathias,29:04,16,5,8,0,0,6,7,4,7,11,1,2,1,1,0,3,5,28,7,1744
PAR-MUN,16,REGULAR SEASON,True,True,Trifunovic Uros,18:15,2,1,2,0,1,0,0,0,1,1,0,1,0,0,0,2,1,1,15,1095
PAR-MUN,16,REGULAR SEASON,True,True,Madar Yam,22:06,14,6,9,0,1,2,2,2,1,3,3,0,1,1,0,4,3,15,11,1326
PAR-MUN,16,REGULAR SEASON,False,True,PARTIZAN MOZZART BET BELGRADE,200:00,83,27,50,3,15,20,26,11,25,36,11,4,6,5,1,25,26,92,0,12000
PAR-MAD,38,PLAYOFFS,False,False,Vukcevic Tristan,00:00,0,0,0,0,0,0,0,0,0,0,0,0,0,0,0,0,0,0,0,0
PAR-MAD,38,PLAYOFFS,True,True,Leday Zach,38:58,25,12,14,0,2,1,2,1,2,3,1,1,0,0,0,4,4,25,-5,2338
PAR-MAD,38,PLAYOFFS,False,False,Koprivica Balsa,00:00,0,0,0,0,0,0,0,0,0,0,0,0,0,0,0,0,0,0,0,0
PAR-MAD,38,PLAYOFFS,False,True,Smailagic Alen,07:27,0,0,0,0,1,0,0,0,2,2,0,0,0,0,0,2,1,0,2,447
PAR-MAD,38,PLAYOFFS,False,True,Papapetrou Ioannis,30:55,18,3,4,3,5,3,5,1,3,4,0,0,1,0,0,2,4,18,2,1855
PAR-MAD,38,PLAYOFFS,True,True,Lessort Mathias,30:27,11,3,7,0,0,5,10,3,4,7,2,1,3,0,1,3,6,11,-8,1827
PAR-MAD,38,PLAYOFFS,True,True,Trifunovic Uros,13:12,3,0,0,1,1,0,0,0,3,3,0,0,0,0,0,3,0,3,-11,792
PAR-MAD,38,PLAYOFFS,True,True,Madar Yam,15:15,6,3,4,0,2,0,0,0,1,1,2,2,0,0,0,1,2,9,-16,915
PAR-MAD,38,PLAYOFFS,False,True,PARTIZAN MOZZART BET BELGRADE,200:00,78,25,44,6,23,10,19,11,20,31,12,7,7,1,2,23,22,74,0,12000
VIR-PAR,27,REGULAR SEASON,False,False,Vukcevic Tristan,00:00,0,0,0,0,0,0,0,0,0,0,0,0,0,0,0,0,0,0,0,0
VIR-PAR,27,REGULAR SEASON,True,True,Leday Zach,35:40,8,4,9,0,1,0,1,3,5,8,2,4,2,0,1,3,4,13,7,2140
VIR-PAR,27,REGULAR SEASON,False,True,Avramovic Aleksa,03:42,0,0,0,0,2,0,0,0,0,0,1,1,1,0,0,1,0,-2,-4,222
VIR-PAR,27,REGULAR SEASON,True,True,Smailagic Alen,19:27,9,1,3,2,3,1,2,1,3,4,2,2,0,0,1,3,3,12,11,1167
VIR-PAR,27,REGULAR SEASON,False,True,Papapetrou Ioannis,06:29,3,0,1,1,1,0,0,0,0,0,0,1,1,0,0,0,0,2,-8,389
VIR-PAR,27,REGULAR SEASON,False,True,Lessort Mathias,20:25,5,2,3,0,0,1,1,2,0,2,0,0,2,0,0,4,4,4,-4,1225
VIR-PAR,27,REGULAR SEASON,False,True,Trifunovic Uros,05:29,0,0,1,0,0,0,0,0,0,0,0,0,0,0,0,1,0,-2,-1,329
VIR-PAR,27,REGULAR SEASON,True,True,Madar Yam,17:14,11,3,4,1,4,2,2,1,0,1,1,0,1,0,0,3,1,6,6,1034
VIR-PAR,27,REGULAR SEASON,False,True,PARTIZAN MOZZART BET BELGRADE,200:00,88,29,47,6,18,12,15,12,16,28,17,14,12,0,2,22,23,101,0,12000
PAR-BER,26,REGULAR SEASON,False,True,Vukcevic Tristan,06:11,0,0,1,0,0,0,0,0,0,0,0,1,0,0,0,3,0,-3,2,371
PAR-BER,26,REGULAR SEASON,True,True,Leday Zach,33:42,13,5,7,0,3,3,4,0,3,3,1,3,2,1,1,3,5,14,14,2022
PAR-BER,26,REGULAR SEASON,False,True,Avramovic Aleksa,18:21,19,2,5,5,7,0,0,0,0,0,2,0,1,0,0,2,1,14,7,1101
PAR-BER,26,REGULAR SEASON,True,True,Smailagic Alen,10:43,6,0,0,2,4,0,0,0,1,1,1,0,0,0,0,5,0,1,5,643
PAR-BER,26,REGULAR SEASON,True,True,Papapetrou Ioannis,11:15,5,1,2,1,1,0,0,0,0,0,0,0,0,0,1,0,1,4,-4,675
PAR-BER,26,REGULAR SEASON,False,True,Lessort Mathias,26:33,10,2,4,0,0,6,10,3,3,6,2,2,2,1,0,3,8,18,6,1593
PAR-BER,26,REGULAR SEASON,False,True,Trifunovic Uros,03:12,0,0,0,0,0,0,0,0,0,0,0,0,0,0,0,1,0,-1,-7,192
PAR-BER,26,REGULAR SEASON,True,True,Madar Yam,21:37,7,2,4,0,0,3,4,0,2,2,5,0,0,0,0,2,4,13,12,1297
PAR-BER,26,REGULAR SEASON,False,True,PARTIZAN MOZZART BET BELGRADE,200:00,88,17,31,12,25,18,24,4,22,26,18,10,15,3,2,24,24,95,0,12000
PAR-RED,12,REGULAR SEASON,False,True,Vukcevic Tristan,13:24,2,1,2,0,0,0,0,2,4,6,3,0,1,1,0,1,0,9,3,804
PAR-RED,12,REGULAR SEASON,True,True,Leday Zach,24:52,4,2,2,0,3,0,0,0,4,4,1,1,3,0,0,3,1,2,0,1492
PAR-RED,12,REGULAR SEASON,False,True,Smailagic Alen,02:34,2,1,2,0,1,0,0,0,0,0,0,0,0,0,0,0,0,0,-3,154
PAR-RED,12,REGULAR SEASON,True,True,Papapetrou Ioannis,28:54,13,5,7,1,3,0,0,2,4,6,2,1,0,0,1,3,1,15,13,1734
PAR-RED,12,REGULAR SEASON,False,True,Brodziansky Vladimir,01:44,0,0,0,0,0,0,0,0,0,0,0,0,1,0,0,2,0,-3,-6,104
PAR-RED,12,REGULAR SEASON,True,True,Lessort Mathias,37:26,11,4,7,0,0,3,3,7,3,10,3,1,1,0,1,2,6,24,0,2246
PAR-RED,12,REGULAR SEASON,False,True,Trifunovic Uros,03:26,2,1,2,0,0,0,0,1,0,1,0,0,1,0,0,1,1,1,-2,206
PAR-RED,12,REGULAR SEASON,True,True,Madar Yam,24:50,14,4,6,1,6,3,3,0,4,4,3,2,3,0,1,2,3,13,5,1490
PAR-RED,12,REGULAR SEASON,False,True,PARTIZAN MOZZART BET BELGRADE,200:00,73,25,40,5,27,8,8,17,22,39,13,8,16,1,3,20,18,76,0,12000
BAS-PAR,2,REGULAR SEASON,False,True,Vukcevic Tristan,05:18,3,0,1,1,1,0,0,0,0,0,0,0,0,0,1,1,0,0,1,318
BAS-PAR,2,REGULAR SEASON,True,True,Leday Zach,38:08,23,6,9,2,2,5,7,3,7,10,2,2,2,0,0,4,6,32,-6,2288
BAS-PAR,2,REGULAR SEASON,False,True,Koprivica Balsa,05:29,0,0,0,0,0,0,0,0,1,1,1,0,0,0,0,1,0,1,-5,329
BAS-PAR,2,REGULAR SEASON,True,True,Papapetrou Ioannis,26:17,5,2,5,0,0,1,1,2,3,5,3,0,3,0,0,5,1,3,10,1577
BAS-PAR,2,REGULAR SEASON,False,False,Glas Gregor,00:00,0,0,0,0,0,0,0,0,0,0,0,0,0,0,0,0,0,0,0,0
BAS-PAR,2,REGULAR SEASON,True,True,Lessort Mathias,39:18,19,7,10,0,0,5,6,7,5,12,2,1,1,1,1,3,8,34,-4,2358
BAS-PAR,2,REGULAR SEASON,False,True,Trifunovic Uros,03:40,0,0,0,0,0,0,0,0,0,0,2,0,0,0,0,0,0,2,-4,220
BAS-PAR,2,REGULAR SEASON,False,True,Madar Yam,11:21,3,0,2,1,2,0,0,0,0,0,1,1,2,0,0,2,0,-2,-9,681
BAS-PAR,2,REGULAR SEASON,False,True,PARTIZAN MOZZART BET BELGRADE,225:00,96,24,48,7,19,27,31,15,22,37,19,5,13,1,3,26,28,104,0,13500
MUN-PAR,24,REGULAR SEASON,False,True,Vukcevic Tristan,01:26,0,0,0,0,0,0,0,0,0,0,0,1,1,0,0,2,0,-2,-3,86
MUN-PAR,24,REGULAR SEASON,True,True,Leday Zach,19:21,2,1,4,0,0,0,0,2,1,3,1,0,0,1,2,2,2,2,4,1161
MUN-PAR,24,REGULAR SEASON,False,True,Avramovic Aleksa,15:39,4,2,2,0,1,0,0,0,4,4,2,0,1,0,0,4,0,4,8,939
MUN-PAR,24,REGULAR SEASON,False,True,Smailagic Alen,10:46,2,1,3,0,1,0,0,0,3,3,0,0,0,1,0,2,1,2,12,646
MUN-PAR,24,REGULAR SEASON,True,True,Lessort Mathias,31:59,16,5,9,0,0,6,9,2,5,7,0,0,2,0,2,2,7,17,6,1919
MUN-PAR,24,REGULAR SEASON,False,True,Trifunovic Uros,13:22,2,1,2,0,1,0,0,0,0,0,0,0,0,0,0,0,0,0,-6,802
MUN-PAR,24,REGULAR SEASON,True,True,Madar Yam,15:12,4,2,5,0,1,0,0,0,3,3,2,2,0,1,1,0,1,8,5,912
MUN-PAR,24,REGULAR SEASON,False,True,PARTIZAN MOZZART BET BELGRADE,200:00,82,24,41,4,14,22,27,7,28,35,13,3,8,3,5,20,22,93,0,12000
OLY-PAR,7,REGULAR SEASON,False,True,Vukcevic Tristan,10:36,0,0,1,0,0,0,0,0,2,2,2,0,1,2,0,4,0,0,1,636
OLY-PAR,7,REGULAR SEASON,True,True,Leday Zach,30:37,6,3,5,0,2,0,0,1,4,5,0,0,3,1,1,1,3,6,-32,1837
OLY-PAR,7,REGULAR SEASON,False,True,Papapetrou Ioannis,29:20,12,3,6,2,2,0,0,1,3,4,1,0,1,0,0,1,2,14,-12,1760
OLY-PAR,7,REGULAR SEASON,False,True,Jovanovic Dordje,01:23,0,0,0,0,0,0,0,0,0,0,0,0,0,0,0,0,0,0,-1,83
OLY-PAR,7,REGULAR SEASON,False,True,Glas Gregor,07:54,0,0,0,0,1,0,0,0,0,0,1,0,4,0,0,2,0,-6,-9,474
OLY-PAR,7,REGULAR SEASON,True,True,Lessort Mathias,35:25,10,5,7,0,0,0,0,1,5,6,1,1,1,0,0,1,5,19,-25,2125
OLY-PAR,7,REGULAR SEASON,True,True,Madar Yam,14:53,2,1,5,0,3,0,0,1,0,1,2,1,2,0,0,2,0,-5,-17,893
OLY-PAR,7,REGULAR SEASON,False,True,PARTIZAN MOZZART BET BELGRADE,200:00,58,20,34,5,20,3,5,9,21,30,12,6,20,3,2,19,17,54,0,12000
IST-PAR,29,REGULAR SEASON,False,False,Vukcevic Tristan,00:00,0,0,0,0,0,0,0,0,0,0,0,0,0,0,0,0,0,0,0,0
IST-PAR,29,REGULAR SEASON,True,True,Leday Zach,29:01,16,4,6,0,1,8,8,0,3,3,1,1,2,0,0,2,6,20,4,1741
IST-PAR,29,REGULAR SEASON,False,True,Avramovic Aleksa,27:10,14,3,6,2,4,2,2,0,3,3,1,2,1,1,0,2,3,16,16,1630
IST-PAR,29,REGULAR SEASON,True,True,Smailagic Alen,14:51,0,0,0,0,0,0,0,0,1,1,0,0,1,2,0,2,0,0,-2,891
IST-PAR,29,REGULAR SEASON,True,True,Papapetrou Ioannis,08:39,2,1,1,0,1,0,0,0,1,1,0,0,0,0,0,2,0,0,-17,519
IST-PAR,29,REGULAR SEASON,False,True,Lessort Mathias,35:55,17,5,7,0,0,7,7,4,3,7,1,2,3,0,1,2,4,23,22,2155
IST-PAR,29,REGULAR SEASON,False,True,Trifunovic Uros,07:25,2,1,2,0,1,0,0,0,1,1,0,1,0,0,0,3,0,-1,-2,445
IST-PAR,29,REGULAR SEASON,True,True,Madar Yam,05:21,2,1,1,0,1,0,0,0,0,0,0,1,0,0,0,0,1,3,-9,321
IST-PAR,29,REGULAR SEASON,False,True,PARTIZAN MOZZART BET BELGRADE,200:00,97,21,34,9,19,28,28,5,22,27,11,8,10,3,3,21,24,113,0,12000
PAN-PAR,6,REGULAR SEASON,False,False,Vukcevic Tristan,00:00,0,0,0,0,0,0,0,0,0,0,0,0,0,0,0,0,0,0,0,0
PAN-PAR,6,REGULAR SEASON,True,True,Leday Zach,36:48,13,5,12,0,2,3,6,5,5,10,2,0,3,1,2,3,7,13,5,2208
PAN-PAR,6,REGULAR SEASON,False,True,Koprivica Balsa,01:22,0,0,0,0,0,0,0,0,0,0,0,0,0,0,0,1,0,-1,3,82
PAN-PAR,6,REGULAR SEASON,True,True,Papapetrou Ioannis,24:58,2,1,2,0,1,0,0,0,3,3,1,2,1,0,0,2,2,5,-7,1498
PAN-PAR,6,REGULAR SEASON,False,False,Jovanovic Dordje,00:00,0,0,0,0,0,0,0,0,0,0,0,0,0,0,0,0,0,0,0,0
PAN-PAR,6,REGULAR SEASON,False,False,Glas Gregor,00:00,0,0,0,0,0,0,0,0,0,0,0,0,0,0,0,0,0,0,0,0
PAN-PAR,6,REGULAR SEASON,True,True,Lessort Mathias,38:18,15,5,7,0,0,5,6,6,5,11,2,2,3,2,0,3,5,28,0,2298
PAN-PAR,6,REGULAR SEASON,False,True,Trifunovic Uros,00:06,0,0,0,0,0,0,0,0,0,0,0,0,0,0,0,0,0,0,1,6
PAN-PAR,6,REGULAR SEASON,True,True,Madar Yam,20:01,10,2,4,2,3,0,0,0,1,1,1,3,1,0,0,3,0,8,10,1201
PAN-PAR,6,REGULAR SEASON,False,True,PARTIZAN MOZZART BET BELGRADE,200:00,91,23,40,9,19,18,24,13,22,35,13,9,15,3,3,22,23,101,0,12000
PAR-MAD,37,PLAYOFFS,False,True,Vukcevic Tristan,06:51,2,1,1,0,1,0,0,0,1,1,0,0,0,0,0,1,0,1,4,411
PAR-MAD,37,PLAYOFFS,True,True,Leday Zach,34:18,15,3,10,2,4,3,4,1,7,8,2,1,0,0,1,0,6,21,3,2058
PAR-MAD,37,PLAYOFFS,False,True,Avramovic Aleksa,10:29,0,0,2,0,1,0,0,0,1,1,1,1,2,0,0,3,0,-5,-8,629
PAR-MAD,37,PLAYOFFS,False,True,Koprivica Balsa,01:07,0,0,0,0,0,0,0,0,0,0,0,0,0,1,0,0,0,1,-1,67
PAR-MAD,37,PLAYOFFS,True,True,Smailagic Alen,26:06,15,3,3,2,4,3,5,2,0,2,1,0,2,0,0,1,4,15,-8,1566
PAR-MAD,37,PLAYOFFS,False,True,Papapetrou Ioannis,22:06,4,0,2,1,2,1,2,0,2,2,2,0,0,0,1,2,1,2,-1,1326
PAR-MAD,37,PLAYOFFS,False,True,Trifunovic Uros,07:42,2,1,2,0,1,0,0,3,0,3,0,1,0,0,0,0,0,4,-8,462
PAR-MAD,37,PLAYOFFS,True,True,Madar Yam,21:20,12,4,4,0,3,4,4,2,4,6,3,1,1,0,0,5,2,15,10,1280
PAR-MAD,37,PLAYOFFS,False,True,PARTIZAN MOZZART BET BELGRADE,200:00,80,18,37,10,29,14,18,10,24,34,13,5,7,1,3,17,21,85,0,12000
PAR-ULK,25,REGULAR SEASON,False,False,Vukcevic Tristan,00:00,0,0,0,0,0,0,0,0,0,0,0,0,0,0,0,0,0,0,0,0
PAR-ULK,25,REGULAR SEASON,True,True,Leday Zach,33:20,2,1,4,0,1,0,0,1,4,5,0,0,0,0,0,1,2,4,-4,2000
PAR-ULK,25,REGULAR SEASON,False,True,Avramovic Aleksa,07:08,2,1,2,0,1,0,0,0,1,1,1,0,1,0,0,1,0,0,-3,428
PAR-ULK,25,REGULAR SEASON,False,True,Smailagic Alen,09:50,9,3,4,1,1,0,0,5,1,6,0,0,1,0,0,0,1,14,-3,590
PAR-ULK,25,REGULAR SEASON,True,True,Papapetrou Ioannis,25:13,7,3,5,0,2,1,1,0,1,1,1,0,1,0,0,1,2,5,-4,1513
PAR-ULK,25,REGULAR SEASON,True,True,Lessort Mathias,30:05,15,4,5,0,0,7,8,4,7,11,2,1,0,2,0,4,5,30,0,1805
PAR-ULK,25,REGULAR SEASON,False,True,Trifunovic Uros,08:25,0,0,1,0,1,0,0,0,0,0,1,0,0,0,0,0,0,-1,-6,505
PAR-ULK,25,REGULAR SEASON,True,True,Madar Yam,17:17,15,3,4,2,4,3,3,0,1,1,4,1,1,0,0,5,2,14,-7,1037
PAR-ULK,25,REGULAR SEASON,False,True,PARTIZAN MOZZART BET BELGRADE,200:00,94,25,42,8,23,20,22,14,20,34,14,2,9,2,1,22,23,103,0,12000
PAR-BAR,31,REGULAR SEASON,False,False,Vukcevic Tristan,00:00,0,0,0,0,0,0,0,0,0,0,0,0,0,0,0,0,0,0,0,0
PAR-BAR,31,REGULAR SEASON,True,True,Leday Zach,34:40,10,4,8,0,1,2,2,1,4,5,0,2,0,0,0,2,2,12,-13,2080
PAR-BAR,31,REGULAR SEASON,False,True,Avramovic Aleksa,15:38,6,3,4,0,1,0,0,0,2,2,1,1,0,0,0,5,1,4,9,938
PAR-BAR,31,REGULAR SEASON,False,True,Smailagic Alen,11:45,6,1,2,1,4,1,2,2,0,2,0,1,1,0,0,2,2,3,-5,705
PAR-BAR,31,REGULAR SEASON,False,True,Papapetrou Ioannis,20:50,2,1,4,0,0,0,0,0,0,0,1,0,0,0,0,2,2,0,4,1250
PAR-BAR,31,REGULAR SEASON,True,True,Lessort Mathias,30:04,5,2,3,0,0,1,2,3,3,6,0,0,0,0,0,3,2,8,-7,1804
PAR-BAR,31,REGULAR SEASON,False,True,Trifunovic Uros,04:26,0,0,0,0,0,0,0,0,1,1,0,0,0,0,0,1,0,0,-2,266
PAR-BAR,31,REGULAR SEASON,True,True,Madar Yam,13:52,6,3,6,0,0,0,0,1,1,2,0,0,0,1,1,1,2,6,-15,832
PAR-BAR,31,REGULAR SEASON,False,True,PARTIZAN MOZZART BET BELGRADE,200:00,80,24,47,6,19,14,17,9,15,24,5,6,3,2,2,22,23,74,0,12000
BER-PAR,1,REGULAR SEASON,True,True,Vukcevic Tristan,05:18,0,0,0,0,1,0,0,0,1,1,2,1,0,0,0,1,0,2,-2,318
BER-PAR,1,REGULAR SEASON,False,True,Leday Zach,29:19,13,4,7,1,1,2,2,0,1,1,1,1,1,0,0,2,1,11,-1,1759
BER-PAR,1,REGULAR SEASON,True,True,Koprivica Balsa,04:03,2,1,3,0,0,0,0,0,0,0,0,0,0,0,1,0,0,-1,-2,243
BER-PAR,1,REGULAR SEASON,False,True,Papapetrou Ioannis,11:39,1,0,4,0,0,1,2,0,0,0,0,0,1,0,0,0,1,-4,-14,699
BER-PAR,1,REGULAR SEASON,False,False,Jovanovic Dordje,00:00,0,0,0,0,0,0,0,0,0,0,0,0,0,0,0,0,0,0,0,0
BER-PAR,1,REGULAR SEASON,False,True,Lessort Mathias,25:06,9,4,6,0,0,1,2,3,3,6,0,0,0,3,0,4,3,14,-4,1506
BER-PAR,1,REGULAR SEASON,True,True,Trifunovic Uros,07:05,3,0,0,1,1,0,0,1,0,1,1,0,0,0,0,0,0,5,-8,425
BER-PAR,1,REGULAR SEASON,False,True,Madar Yam,01:47,0,0,1,0,0,0,0,0,0,0,0,0,1,0,0,0,0,-2,-6,107
BER-PAR,1,REGULAR SEASON,False,True,PARTIZAN MOZZART BET BELGRADE,200:00,84,24,45,7,17,15,20,7,17,24,14,8,8,4,1,16,21,94,0,12000
PAR-MIL,3,REGULAR SEASON,False,False,Vukcevic Tristan,00:00,0,0,0,0,0,0,0,0,0,0,0,0,0,0,0,0,0,0,0,0
PAR-MIL,3,REGULAR SEASON,True,True,Leday Zach,32:16,23,4,7,5,6,0,0,1,4,5,3,0,1,0,1,3,3,25,-3,1936
PAR-MIL,3,REGULAR SEASON,False,False,Koprivica Balsa,00:00,0,0,0,0,0,0,0,0,0,0,0,0,0,0,0,0,0,0,0,0
PAR-MIL,3,REGULAR SEASON,True,True,Papapetrou Ioannis,23:43,5,2,3,0,2,1,2,0,3,3,0,0,0,2,0,2,1,5,0,1423
PAR-MIL,3,REGULAR SEASON,False,False,Glas Gregor,00:00,0,0,0,0,0,0,0,0,0,0,0,0,0,0,0,0,0,0,0,0
PAR-MIL,3,REGULAR SEASON,True,True,Lessort Mathias,38:31,12,6,10,0,0,0,0,7,3,10,0,3,1,3,0,3,4,24,-3,2311
PAR-MIL,3,REGULAR SEASON,False,True,Trifunovic Uros,00:19,0,0,0,0,0,0,0,0,0,0,0,0,0,0,0,0,0,0,-3,19
PAR-MIL,3,REGULAR SEASON,False,True,Madar Yam,22:12,10,2,5,2,3,0,0,0,0,0,4,2,0,0,0,2,1,11,-3,1332
PAR-MIL,3,REGULAR SEASON,False,True,PARTIZAN MOZZART BET BELGRADE,200:00,75,17,39,11,21,8,9,11,24,35,14,6,15,5,2,17,17,85,0,12000
PAR-IST,14,REGULAR SEASON,False,True,Vukcevic Tristan,07:09,0,0,1,0,1,0,0,0,0,0,0,0,0,0,0,2,0,-4,-7,429
PAR-IST,14,REGULAR SEASON,True,True,Leday Zach,26:36,4,2,4,0,2,0,0,0,3,3,3,0,0,0,0,0,3,9,4,1596
PAR-IST,14,REGULAR SEASON,False,False,Avramovic Aleksa,00:00,0,0,0,0,0,0,0,0,0,0,0,0,0,0,0,0,0,0,0,0
PAR-IST,14,REGULAR SEASON,True,True,Smailagic Alen,07:20,7,2,2,1,2,0,0,0,3,3,0,1,1,0,0,3,0,6,0,440
PAR-IST,14,REGULAR SEASON,False,True,Papapetrou Ioannis,15:32,2,1,4,0,0,0,0,1,2,3,0,1,1,0,0,3,0,-1,-2,932
PAR-IST,14,REGULAR SEASON,False,True,Lessort Mathias,30:25,13,6,6,0,0,1,1,2,3,5,0,1,3,0,0,4,3,15,5,1825
PAR-IST,14,REGULAR SEASON,True,True,Trifunovic Uros,09:42,2,1,1,0,2,0,0,1,1,2,0,0,0,0,0,0,1,3,4,582
PAR-IST,14,REGULAR SEASON,False,True,Madar Yam,08:28,0,0,2,0,1,0,0,0,0,0,1,1,1,0,0,0,0,-2,-9,508
PAR-IST,14,REGULAR SEASON,False,True,PARTIZAN MOZZART BET BELGRADE,200:00,82,27,39,4,18,16,16,4,22,26,19,8,10,2,2,16,18,101,0,12000
PAR-VIR,4,REGULAR SEASON,False,True,Vukcevic Tristan,14:42,8,2,4,1,3,1,1,0,2,2,0,0,0,0,0,2,1,5,12,882
PAR-VIR,4,REGULAR SEASON,True,True,Leday Zach,25:18,4,2,3,0,1,0,0,1,8,9,1,0,1,0,0,3,1,9,16,1518
PAR-VIR,4,REGULAR SEASON,False,True,Koprivica Balsa,14:49,4,2,3,0,0,0,1,3,4,7,0,0,3,0,0,4,2,4,-9,889
PAR-VIR,4,REGULAR SEASON,True,True,Papapetrou Ioannis,17:00,2,0,1,0,3,2,2,0,2,2,1,1,1,1,0,1,2,3,15,1020
PAR-VIR,4,REGULAR SEASON,False,False,Glas Gregor,00:00,0,0,0,0,0,0,0,0,0,0,0,0,0,0,0,0,0,0,0,0
PAR-VIR,4,REGULAR SEASON,True,True,Lessort Mathias,25:11,14,6,7,0,0,2,5,4,3,7,0,0,2,1,1,2,4,17,37,1511
PAR-VIR,4,REGULAR SEASON,False,True,Trifunovic Uros,04:30,0,0,1,0,0,0,0,0,0,0,0,0,0,0,0,0,0,-1,4,270
PAR-VIR,4,REGULAR SEASON,True,True,Madar Yam,23:14,11,4,4,1,4,0,0,0,1,1,2,1,1,0,0,2,2,11,23,1394
PAR-VIR,4,REGULAR SEASON,False,True,PARTIZAN MOZZART BET BELGRADE,200:00,90,24,35,11,30,9,15,10,30,40,14,4,13,2,2,24,21,96,0,12000
MIL-PAR,28,REGULAR SEASON,True,True,Vukcevic Tristan,03:03,0,0,0,0,0,0,0,0,1,1,0,0,0,0,0,2,0,-1,0,183
MIL-PAR,28,REGULAR SEASON,False,True,Leday Zach,32:10,7,3,5,0,2,1,1,0,4,4,1,0,2,0,0,2,3,7,-9,1930
MIL-PAR,28,REGULAR SEASON,True,True,Avramovic Aleksa,11:05,4,2,4,0,1,0,0,0,2,2,0,0,1,1,0,1,0,2,2,665
MIL-PAR,28,REGULAR SEASON,False,True,Smailagic Alen,08:29,2,0,0,0,0,2,2,1,0,1,0,0,0,0,0,2,3,4,-15,509
MIL-PAR,28,REGULAR SEASON,False,True,Papapetrou Ioannis,13:41,3,1,2,0,2,1,2,0,0,0,0,2,0,0,0,1,1,1,-19,821
MIL-PAR,28,REGULAR SEASON,True,True,Lessort Mathias,28:43,11,4,4,0,0,3,6,3,3,6,0,0,2,0,0,1,6,17,0,1723
MIL-PAR,28,REGULAR SEASON,False,True,Trifunovic Uros,12:24,0,0,1,0,0,0,0,0,0,0,0,0,0,0,0,1,0,-2,-13,744
MIL-PAR,28,REGULAR SEASON,False,True,Madar Yam,14:02,0,0,2,0,0,0,0,0,1,1,1,0,0,0,0,2,0,-2,-16,842
MIL-PAR,28,REGULAR SEASON,False,True,PARTIZAN MOZZART BET BELGRADE,200:00,62,16,31,4,16,18,22,6,22,28,8,5,18,2,2,19,24,59,0,12000
PAR-ZAL,5,REGULAR SEASON,False,True,Vukcevic Tristan,06:13,0,0,0,0,1,0,0,0,1,1,0,1,2,0,0,2,0,-3,5,373
PAR-ZAL,5,REGULAR SEASON,True,True,Leday Zach,32:38,10,5,8,0,4,0,0,2,4,6,4,0,0,0,1,3,5,14,11,1958
PAR-ZAL,5,REGULAR SEASON,False,True,Koprivica Balsa,00:45,0,0,0,0,0,0,0,0,0,0,0,0,0,0,0,0,0,0,-1,45
PAR-ZAL,5,REGULAR SEASON,True,True,Papapetrou Ioannis,17:01,4,1,3,0,1,2,2,0,3,3,0,0,1,0,0,2,1,2,10,1021
PAR-ZAL,5,REGULAR SEASON,False,False,Glas Gregor,00:00,0,0,0,0,0,0,0,0,0,0,0,0,0,0,0,0,0,0,0,0
PAR-ZAL,5,REGULAR SEASON,True,True,Lessort Mathias,37:21,10,3,9,0,0,4,4,5,3,8,3,1,0,3,3,1,4,19,7,2241
PAR-ZAL,5,REGULAR SEASON,False,True,Trifunovic Uros,08:17,3,0,0,1,1,0,0,0,0,0,0,0,2,0,0,2,1,0,-14,497
PAR-ZAL,5,REGULAR SEASON,True,True,Madar Yam,22:33,5,0,0,1,3,2,2,0,0,0,1,1,1,0,0,0,2,6,11,1353
PAR-ZAL,5,REGULAR SEASON,False,True,PARTIZAN MOZZART BET BELGRADE,200:00,87,18,35,9,20,24,27,9,18,27,14,8,13,4,5,21,29,99,0,12000
PAR-MCO,17,REGULAR SEASON,False,True,Vukcevic Tristan,02:32,0,0,0,0,1,0,0,0,1,1,0,0,0,0,0,0,0,0,-1,152
PAR-MCO,17,REGULAR SEASON,True,True,Leday Zach,33:05,10,3,6,1,4,1,1,0,5,5,1,1,1,1,0,3,4,12,21,1985
PAR-MCO,17,REGULAR SEASON,False,True,Avramovic Aleksa,03:06,0,0,0,0,1,0,0,0,0,0,0,0,0,0,0,0,0,-1,-2,186
PAR-MCO,17,REGULAR SEASON,True,True,Smailagic Alen,10:51,3,1,1,0,0,1,2,0,2,2,0,2,0,0,0,1,1,6,3,651
PAR-MCO,17,REGULAR SEASON,True,True,Papapetrou Ioannis,36:25,9,0,0,3,5,0,0,0,4,4,3,0,1,0,0,2,1,12,23,2185
PAR-MCO,17,REGULAR SEASON,False,True,Lessort Mathias,29:03,21,8,10,0,0,5,6,1,7,8,1,0,1,0,0,3,4,27,17,1743
PAR-MCO,17,REGULAR SEASON,False,True,Trifunovic Uros,01:10,0,0,0,0,0,0,0,0,0,0,0,0,0,0,0,0,0,0,-2,70
PAR-MCO,17,REGULAR SEASON,True,True,Madar Yam,21:18,15,2,2,3,4,2,2,0,1,1,3,0,4,2,0,1,3,18,10,1278
PAR-MCO,17,REGULAR SEASON,False,True,PARTIZAN MOZZART BET BELGRADE,200:00,100,18,27,15,25,19,22,3,23,26,16,4,13,4,0,18,23,120,0,12000
PAR-MCO,17,REGULAR SEASON,False,True,Andjusic Danilo,16:04,12,0,1,4,4,0,0,0,1,1,2,0,1,0,0,1,2,14,9,964
PAR-ZAL,5,REGULAR SEASON,False,True,Andjusic Danilo,10:31,8,0,1,2,2,2,2,0,0,0,1,0,2,0,1,2,2,5,10,631
MIL-PAR,28,REGULAR SEASON,False,False,Andjusic Danilo,00:00,0,0,0,0,0,0,0,0,0,0,0,0,0,0,0,0,0,0,0,0
PAR-VIR,4,REGULAR SEASON,False,True,Andjusic Danilo,14:07,14,1,1,3,4,3,4,0,2,2,1,0,1,0,0,3,3,14,9,847
PAR-IST,14,REGULAR SEASON,False,False,Andjusic Danilo,00:00,0,0,0,0,0,0,0,0,0,0,0,0,0,0,0,0,0,0,0,0
PAR-MIL,3,REGULAR SEASON,False,True,Andjusic Danilo,14:05,9,0,1,2,3,3,3,0,1,1,2,0,4,0,0,0,1,7,-5,845
BER-PAR,1,REGULAR SEASON,False,True,Andjusic Danilo,26:58,14,3,3,2,3,2,4,1,0,1,2,2,1,1,0,3,5,18,-6,1618
PAR-BAR,31,REGULAR SEASON,False,False,Andjusic Danilo,00:00,0,0,0,0,0,0,0,0,0,0,0,0,0,0,0,0,0,0,0,0
PAR-ULK,25,REGULAR SEASON,False,False,Andjusic Danilo,00:00,0,0,0,0,0,0,0,0,0,0,0,0,0,0,0,0,0,0,0,0
PAR-MAD,37,PLAYOFFS,True,True,Andjusic Danilo,16:50,6,0,1,2,6,0,0,0,1,1,0,0,0,0,0,2,0,0,5,1010
PAN-PAR,6,REGULAR SEASON,False,True,Andjusic Danilo,18:49,10,1,1,1,3,5,5,0,1,1,1,0,1,0,0,4,2,7,6,1129
IST-PAR,29,REGULAR SEASON,False,False,Andjusic Danilo,00:00,0,0,0,0,0,0,0,0,0,0,0,0,0,0,0,0,0,0,0,0
MUN-PAR,24,REGULAR SEASON,False,True,Andjusic Danilo,14:17,7,2,2,0,1,3,4,0,3,3,1,0,1,0,0,3,1,6,11,857
BAS-PAR,2,REGULAR SEASON,False,True,Andjusic Danilo,07:41,0,0,0,0,1,0,0,0,0,0,1,0,1,0,0,0,0,-1,-7,461
PAR-RED,12,REGULAR SEASON,False,True,Andjusic Danilo,10:34,5,1,1,1,5,0,0,0,0,0,1,0,2,0,0,2,2,0,-1,634
PAR-BER,26,REGULAR SEASON,False,True,Andjusic Danilo,13:27,6,0,0,2,3,0,0,0,3,3,0,0,1,0,0,0,1,8,19,807
VIR-PAR,27,REGULAR SEASON,False,True,Andjusic Danilo,04:55,0,0,1,0,0,0,0,0,0,0,1,0,1,0,0,1,0,-2,-10,295
PAR-MAD,38,PLAYOFFS,False,True,Andjusic Danilo,18:40,7,2,3,1,3,0,1,0,2,2,3,1,1,0,0,3,2,7,16,1120
PAR-MUN,16,REGULAR SEASON,False,False,Andjusic Danilo,00:00,0,0,0,0,0,0,0,0,0,0,0,0,0,0,0,0,0,0,0,0
PAR-PAN,34,REGULAR SEASON,True,True,Andjusic Danilo,04:50,2,1,1,0,1,0,0,0,1,1,1,0,2,0,0,0,0,1,-1,290
MAD-PAR,36,PLAYOFFS,False,True,Andjusic Danilo,00:00,0,0,0,0,0,0,0,0,0,0,0,0,0,0,0,1,0,-1,0,0
PAR-PAM,11,REGULAR SEASON,False,True,Andjusic Danilo,06:16,2,1,1,0,1,0,0,0,0,0,0,0,0,0,0,1,0,0,-7,376
PAR-ASV,22,REGULAR SEASON,False,True,Andjusic Danilo,12:13,4,1,2,0,2,2,2,0,1,1,1,0,1,0,0,0,1,3,-6,733
PAR-TEL,8,REGULAR SEASON,False,True,Andjusic Danilo,12:07,2,0,1,0,2,2,2,0,0,0,0,0,0,0,0,1,2,0,-4,727
ASV-PAR,13,REGULAR SEASON,True,True,Andjusic Danilo,09:56,6,3,6,0,2,0,0,0,0,0,0,0,0,0,0,1,0,0,-1,596
RED-PAR,21,REGULAR SEASON,False,True,Andjusic Danilo,08:02,2,0,1,0,2,2,2,0,0,0,1,2,0,0,0,1,1,2,1,482
MCO-PAR,33,REGULAR SEASON,False,False,Andjusic Danilo,00:00,0,0,0,0,0,0,0,0,0,0,0,0,0,0,0,0,0,0,0,0
MAD-PAR,35,PLAYOFFS,False,False,Andjusic Danilo,00:00,0,0,0,0,0,0,0,0,0,0,0,0,0,0,0,0,0,0,0,0
PAM-PAR,20,REGULAR SEASON,False,True,Andjusic Danilo,16:35,6,2,2,0,2,2,2,1,0,1,0,1,1,0,0,3,4,6,2,995
TEL-PAR,18,REGULAR SEASON,False,True,Andjusic Danilo,09:55,0,0,2,0,3,0,0,0,0,0,2,1,3,0,1,4,0,-10,1,595
PAR-BAS,19,REGULAR SEASON,False,True,Andjusic Danilo,08:21,3,0,2,1,2,0,0,0,0,0,0,0,2,0,0,1,0,-3,5,501
MAD-PAR,10,REGULAR SEASON,True,True,Andjusic Danilo,30:01,13,1,3,3,4,2,2,0,0,0,4,0,3,0,0,3,1,9,3,1801
ZAL-PAR,23,REGULAR SEASON,False,False,Andjusic Danilo,00:00,0,0,0,0,0,0,0,0,0,0,0,0,0,0,0,0,0,0,0,0
BAR-PAR,9,REGULAR SEASON,False,True,Andjusic Danilo,17:40,23,3,3,3,5,8,9,1,1,2,2,0,3,1,0,0,6,28,0,1060
PAR-OLY,30,REGULAR SEASON,False,False,Andjusic Danilo,00:00,0,0,0,0,0,0,0,0,0,0,0,0,0,0,0,0,0,0,0,0
ULK-PAR,15,REGULAR SEASON,False,True,Andjusic Danilo,10:34,4,0,1,1,2,1,1,0,2,2,2,0,0,0,0,2,0,4,1,634
PAR-MAD,32,REGULAR SEASON,False,True,Andjusic Danilo,07:07,5,0,1,0,0,5,6,0,3,3,2,0,1,0,0,0,2,9,2,427
MAD-PAR,39,PLAYOFFS,False,False,Andjusic Danilo,00:00,0,0,0,0,0,0,0,0,0,0,0,0,0,0,0,0,0,0,0,0
PAR-MCO,17,REGULAR SEASON,False,True,Nunnally James,06:13,0,0,0,0,1,0,0,0,0,0,0,0,1,0,0,1,0,-3,-7,373
PAR-ZAL,5,REGULAR SEASON,True,True,Nunnally James,24:59,10,1,2,2,4,2,3,0,1,1,2,1,1,1,0,2,3,11,-1,1499
MIL-PAR,28,REGULAR SEASON,True,True,Nunnally James,30:40,10,1,3,2,4,2,2,0,3,3,0,2,4,1,0,0,1,9,-1,1840
PAR-VIR,4,REGULAR SEASON,True,True,Nunnally James,21:05,20,4,5,4,6,0,0,0,4,4,4,1,1,0,0,2,1,24,23,1265
PAR-IST,14,REGULAR SEASON,True,True,Nunnally James,32:58,18,5,6,2,6,2,2,0,4,4,7,1,2,1,0,2,1,23,10,1978
PAR-MIL,3,REGULAR SEASON,False,True,Nunnally James,18:17,2,1,3,0,1,0,0,0,3,3,2,1,2,0,0,2,2,3,-5,1097
BER-PAR,1,REGULAR SEASON,False,True,Nunnally James,23:33,7,2,3,1,3,0,1,0,2,2,1,1,1,0,0,2,1,5,-19,1413
PAR-BAR,31,REGULAR SEASON,True,True,Nunnally James,14:14,5,1,3,1,2,0,0,0,0,0,1,2,1,0,0,1,1,4,-11,854
PAR-ULK,25,REGULAR SEASON,False,True,Nunnally James,18:07,2,1,2,0,2,0,0,0,1,1,0,0,1,0,0,1,0,-2,-2,1087
PAR-MAD,37,PLAYOFFS,True,True,Nunnally James,26:45,13,2,6,3,5,0,0,2,4,6,3,1,0,0,1,2,2,16,6,1605
IST-PAR,29,REGULAR SEASON,False,True,Nunnally James,27:14,16,1,3,4,6,2,2,0,4,4,1,0,1,0,0,2,2,16,24,1634
OLY-PAR,7,REGULAR SEASON,True,True,Nunnally James,36:26,14,3,4,2,5,2,3,3,3,6,3,0,4,0,1,4,3,12,-24,2186
MUN-PAR,24,REGULAR SEASON,True,True,Nunnally James,27:52,15,3,3,2,3,3,3,1,2,3,1,0,1,0,0,1,2,18,10,1672
BAS-PAR,2,REGULAR SEASON,True,True,Nunnally James,25:14,13,4,6,0,5,5,6,0,0,0,1,0,2,0,1,1,4,6,-10,1514
PAR-RED,12,REGULAR SEASON,False,True,Nunnally James,07:40,0,0,0,0,1,0,0,0,0,0,0,0,0,0,0,0,0,-1,-14,460
PAR-BER,26,REGULAR SEASON,False,True,Nunnally James,04:08,0,0,0,0,1,0,0,0,1,1,0,0,2,0,0,0,0,-2,-4,248
VIR-PAR,27,REGULAR SEASON,True,True,Nunnally James,27:40,18,7,8,1,2,1,2,0,1,1,2,0,1,0,0,1,1,17,16,1660
PAR-MAD,38,PLAYOFFS,True,True,Nunnally James,21:37,2,1,7,0,3,0,0,3,1,4,1,1,2,0,1,1,1,-4,-21,1297
PAR-MUN,16,REGULAR SEASON,True,True,Nunnally James,21:42,5,1,4,1,4,0,0,1,3,4,2,0,1,1,0,3,2,4,2,1302
PAR-PAN,34,REGULAR SEASON,False,True,Nunnally James,17:31,5,1,2,1,3,0,0,1,1,2,1,0,0,0,0,2,0,3,-4,1051
MAD-PAR,36,PLAYOFFS,False,True,Nunnally James,28:36,16,0,1,2,3,10,10,0,3,3,1,2,2,0,0,4,5,19,15,1716
PAR-PAM,11,REGULAR SEASON,True,True,Nunnally James,37:59,15,4,5,2,9,1,1,0,3,3,3,1,2,2,0,1,2,15,6,2279
PAR-ASV,22,REGULAR SEASON,False,True,Nunnally James,21:42,10,2,4,2,4,0,0,0,1,1,0,1,0,0,0,2,0,6,12,1302
PAR-TEL,8,REGULAR SEASON,True,True,Nunnally James,22:23,6,0,3,2,2,0,0,1,0,1,0,0,0,0,1,0,0,3,8,1343
ASV-PAR,13,REGULAR SEASON,False,True,Nunnally James,23:42,11,4,4,0,3,3,5,0,3,3,4,0,2,0,0,1,2,12,-3,1422
RED-PAR,21,REGULAR SEASON,False,True,Nunnally James,13:39,3,0,2,1,1,0,0,1,0,1,1,0,0,0,0,2,0,1,-2,819
MCO-PAR,33,REGULAR SEASON,False,True,Nunnally James,26:26,12,2,3,1,3,5,5,0,0,0,1,0,1,0,0,1,2,10,10,1586
MAD-PAR,35,PLAYOFFS,False,True,Nunnally James,19:11,2,1,2,0,3,0,0,0,0,0,2,0,0,0,0,3,0,-3,-4,1151
PAM-PAR,20,REGULAR SEASON,False,True,Nunnally James,19:56,5,1,2,1,3,0,0,0,0,0,1,0,0,0,0,3,0,0,-4,1196
TEL-PAR,18,REGULAR SEASON,True,True,Nunnally James,05:40,2,1,1,0,1,0,0,0,0,0,0,0,0,0,0,0,0,1,-14,340
PAR-BAS,19,REGULAR SEASON,False,False,Nunnally James,00:00,0,0,0,0,0,0,0,0,0,0,0,0,0,0,0,0,0,0,0,0
MAD-PAR,10,REGULAR SEASON,True,True,Nunnally James,32:24,15,2,3,3,6,2,2,0,2,2,4,0,1,0,0,3,3,16,3,1944
ZAL-PAR,23,REGULAR SEASON,False,True,Nunnally James,16:50,10,1,1,2,2,2,2,0,0,0,2,2,1,0,0,2,2,13,10,1010
BAR-PAR,9,REGULAR SEASON,True,True,Nunnally James,21:04,10,2,2,1,4,3,3,0,1,1,1,1,1,1,0,2,1,9,-10,1264
PAR-OLY,30,REGULAR SEASON,True,True,Nunnally James,30:00,19,4,5,3,6,2,2,1,3,4,5,2,1,0,0,3,1,23,9,1800
ULK-PAR,15,REGULAR SEASON,True,True,Nunnally James,26:55,5,1,4,1,2,0,0,1,4,5,1,0,1,0,0,1,2,7,0,1615
PAR-MAD,32,REGULAR SEASON,False,True,Nunnally James,22:13,14,5,6,0,0,4,4,1,1,2,2,0,0,0,0,2,3,18,14,1333
MAD-PAR,39,PLAYOFFS,False,True,Nunnally James,24:25,9,0,1,2,2,3,3,0,2,2,5,0,1,0,0,1,3,16,7,1465
PAR-MCO,17,REGULAR SEASON,False,True,Exum Dante,15:48,11,2,2,0,0,7,8,0,0,0,2,0,1,1,0,2,5,15,12,948
PAR-ZAL,5,REGULAR SEASON,False,True,Exum Dante,20:14,11,1,2,0,0,9,10,0,0,0,2,3,0,0,0,3,7,18,7,1214
MIL-PAR,28,REGULAR SEASON,False,True,Exum Dante,16:57,10,0,2,2,4,4,4,0,1,1,3,1,4,0,1,4,6,8,-2,1017
PAR-VIR,4,REGULAR SEASON,False,True,Exum Dante,16:46,3,0,1,1,3,0,0,0,2,2,2,0,1,0,0,2,2,3,5,1006
PAR-IST,14,REGULAR SEASON,True,True,Exum Dante,31:07,18,4,4,1,2,7,7,0,2,2,4,0,2,1,0,2,4,24,11,1867
PAR-MIL,3,REGULAR SEASON,True,True,Exum Dante,17:35,7,1,5,1,2,2,2,1,3,4,1,0,6,0,0,3,2,0,-2,1055
BER-PAR,1,REGULAR SEASON,True,True,Exum Dante,33:08,22,8,13,1,3,3,3,1,2,3,4,2,3,0,0,3,4,22,-9,1988
PAR-BAR,31,REGULAR SEASON,False,True,Exum Dante,27:37,24,4,6,3,5,7,8,1,0,1,0,0,1,0,0,2,8,25,4,1657
PAR-ULK,25,REGULAR SEASON,False,True,Exum Dante,21:43,17,4,8,2,5,3,4,2,2,4,3,0,3,0,0,4,4,13,8,1303
PAR-MAD,37,PLAYOFFS,False,True,Exum Dante,26:26,11,4,6,0,2,3,3,0,1,1,1,0,1,0,0,1,6,13,-12,1586
PAN-PAR,6,REGULAR SEASON,False,True,Exum Dante,23:50,12,5,5,0,2,2,3,0,2,2,2,1,2,0,0,3,3,12,-5,1430
IST-PAR,29,REGULAR SEASON,False,True,Exum Dante,16:27,9,2,3,0,0,5,5,0,2,2,6,0,0,0,0,3,5,18,18,987
MUN-PAR,24,REGULAR SEASON,False,True,Exum Dante,23:10,11,2,3,1,4,4,5,2,2,4,5,0,2,0,0,2,5,16,8,1390
BAS-PAR,2,REGULAR SEASON,True,True,Exum Dante,29:34,4,1,4,0,1,2,2,0,3,3,4,0,1,0,0,5,3,4,7,1774
PAR-RED,12,REGULAR SEASON,False,True,Exum Dante,15:10,5,1,4,1,3,0,0,1,2,3,0,0,3,0,0,1,1,0,-8,910
PAR-BER,26,REGULAR SEASON,False,True,Exum Dante,21:50,6,3,4,0,1,0,0,0,3,3,4,1,2,1,0,2,0,9,1,1310
VIR-PAR,27,REGULAR SEASON,False,True,Exum Dante,28:23,17,6,9,0,2,5,5,3,4,7,7,3,1,0,0,2,7,33,12,1703
PAR-MAD,38,PLAYOFFS,False,True,Exum Dante,23:29,6,1,5,1,6,1,1,0,0,0,3,1,0,1,0,4,2,0,6,1409
PAR-MUN,16,REGULAR SEASON,False,True,Exum Dante,17:41,19,6,9,1,5,4,7,0,0,0,3,0,2,1,1,2,6,14,-10,1061
PAR-PAN,34,REGULAR SEASON,False,True,Exum Dante,27:38,18,3,3,3,3,3,4,0,1,1,4,4,1,0,0,2,4,27,5,1658
MAD-PAR,36,PLAYOFFS,False,True,Exum Dante,25:49,19,3,5,2,7,7,8,1,1,2,2,1,3,0,0,5,5,13,1,1549
PAR-PAM,11,REGULAR SEASON,False,True,Exum Dante,22:30,9,2,3,1,2,2,2,1,1,2,6,0,1,1,0,4,1,12,-1,1350
PAR-ASV,22,REGULAR SEASON,False,True,Exum Dante,20:58,13,5,6,0,0,3,4,0,2,2,1,1,0,0,0,1,6,20,11,1258
PAR-TEL,8,REGULAR SEASON,False,True,Exum Dante,27:31,21,6,7,1,1,6,6,0,4,4,5,2,2,0,1,1,4,31,18,1651
ASV-PAR,13,REGULAR SEASON,True,True,Exum Dante,35:08,26,6,7,2,4,8,8,0,2,2,6,3,3,0,0,4,8,35,-9,2108
RED-PAR,21,REGULAR SEASON,True,True,Exum Dante,30:03,20,4,8,2,6,6,7,2,2,4,5,1,2,0,0,2,5,22,4,1803
MCO-PAR,33,REGULAR SEASON,False,True,Exum Dante,20:13,2,1,4,0,0,0,0,1,2,3,2,2,4,0,1,1,0,0,8,1213
MAD-PAR,35,PLAYOFFS,False,True,Exum Dante,20:11,11,1,2,1,1,6,7,0,3,3,1,0,2,0,1,3,7,14,4,1211
PAM-PAR,20,REGULAR SEASON,False,True,Exum Dante,26:01,22,3,5,3,5,7,10,1,1,2,0,0,2,0,0,3,5,17,-13,1561
TEL-PAR,18,REGULAR SEASON,False,True,Exum Dante,28:41,17,2,5,1,3,10,12,1,2,3,0,0,2,0,0,3,9,17,-9,1721
PAR-BAS,19,REGULAR SEASON,False,True,Exum Dante,16:20,10,1,1,2,3,2,3,0,2,2,2,1,3,0,0,2,1,9,4,980
MAD-PAR,10,REGULAR SEASON,False,True,Exum Dante,19:51,17,4,7,2,3,3,3,2,2,4,0,0,2,0,0,3,2,14,-14,1191
ZAL-PAR,23,REGULAR SEASON,False,True,Exum Dante,20:20,11,2,3,2,5,1,1,2,1,3,1,1,1,0,0,3,4,12,8,1220
BAR-PAR,9,REGULAR SEASON,False,True,Exum Dante,17:59,6,2,6,0,1,2,2,0,0,0,1,0,1,0,0,4,3,0,-4,1079
PAR-OLY,30,REGULAR SEASON,False,True,Exum Dante,23:57,15,5,8,1,3,2,4,0,1,1,4,3,1,0,1,3,5,16,10,1437
ULK-PAR,15,REGULAR SEASON,True,True,Exum Dante,17:51,10,2,6,0,0,6,6,0,1,1,2,0,2,0,0,5,4,6,4,1071
PAR-MAD,32,REGULAR SEASON,False,True,Exum Dante,23:08,15,3,4,2,4,3,4,1,3,4,3,0,0,0,0,2,2,18,16,1388
MAD-PAR,39,PLAYOFFS,False,True,Exum Dante,22:31,16,2,4,2,6,6,8,0,3,3,1,1,0,0,0,4,5,14,7,1351
