game_player_id,game_id,game,round,phase,season_code,player_id,is_starter,is_playing,team_id,dorsal,player,minutes,points,two_points_made,two_points_attempted,three_points_made,three_points_attempted,free_throws_made,free_throws_attempted,offensive_rebounds,defensive_rebounds,total_rebounds,assists,steals,turnovers,blocks_favour,blocks_against,fouls_committed,fouls_received,valuation,plus_minus
E2022_309_P009862,E2022_309,MAD-PAR,35,PLAYOFFS,E2022,P009862,1.0,1.0,PAR,7,"PUNTER, KEVIN  XAVIER",34:08,26,1,3,5,8,9,9,0,3,3,6,0,2,0,0,1,6,33,7
E2022_325_P009862,E2022_325,MAD-PAR,39,PLAYOFFS,E2022,P009862,1.0,1.0,PAR,7,"PUNTER, KEVIN  XAVIER",36:48,28,1,4,7,13,5,5,0,2,2,3,0,2,0,1,2,7,26,-9
E2022_288_P009862,E2022_288,PAR-MAD,32,REGULAR SEASON,E2022,P009862,0.0,1.0,PAR,7,"PUNTER, KEVIN  XAVIER",29:13,16,5,12,1,2,3,3,0,2,2,6,3,0,0,1,3,3,18,24
E2022_127_P009862,E2022_127,ULK-PAR,15,REGULAR SEASON,E2022,P009862,0.0,1.0,PAR,7,"PUNTER, KEVIN  XAVIER",23:09,12,3,4,0,3,6,8,1,4,5,2,1,1,1,0,1,4,17,-5
E2022_269_P009862,E2022_269,PAR-OLY,30,REGULAR SEASON,E2022,P009862,1.0,1.0,PAR,7,"PUNTER, KEVIN  XAVIER",31:45,17,0,3,4,7,5,5,0,1,1,3,0,1,0,1,2,4,15,6
E2022_078_P009862,E2022_078,BAR-PAR,9,REGULAR SEASON,E2022,P009862,0.0,1.0,PAR,7,"PUNTER, KEVIN  XAVIER",12:53,2,0,5,0,0,2,2,1,0,1,0,1,0,0,0,1,2,0,-6
E2022_204_P009862,E2022_204,ZAL-PAR,23,REGULAR SEASON,E2022,P009862,1.0,1.0,PAR,7,"PUNTER, KEVIN  XAVIER",25:06,14,4,5,2,4,0,0,0,1,1,3,1,1,0,0,3,0,12,3
E2022_085_P009862,E2022_085,MAD-PAR,10,REGULAR SEASON,E2022,P009862,1.0,1.0,PAR,7,"PUNTER, KEVIN  XAVIER",33:04,16,2,4,3,8,3,5,0,5,5,3,1,2,0,2,2,7,17,-8
E2022_171_P009862,E2022_171,PAR-BAS,19,REGULAR SEASON,E2022,P009862,1.0,1.0,PAR,7,"PUNTER, KEVIN  XAVIER",26:20,12,0,3,3,5,3,4,0,1,1,1,1,1,0,0,1,2,9,22
E2022_161_P009862,E2022_161,TEL-PAR,18,REGULAR SEASON,E2022,P009862,0.0,1.0,PAR,7,"PUNTER, KEVIN  XAVIER",28:16,22,4,6,3,5,5,5,0,2,2,3,1,1,0,0,4,5,24,7
E2022_176_P009862,E2022_176,PAM-PAR,20,REGULAR SEASON,E2022,P009862,1.0,1.0,PAR,7,"PUNTER, KEVIN  XAVIER",26:40,14,2,4,3,4,1,1,0,1,1,4,1,5,0,0,2,2,12,-2
E2022_294_P009862,E2022_294,MCO-PAR,33,REGULAR SEASON,E2022,P009862,1.0,1.0,PAR,7,"PUNTER, KEVIN  XAVIER",26:10,8,1,2,2,4,0,0,0,0,0,4,0,2,0,0,1,1,7,-11
E2022_186_P009862,E2022_186,RED-PAR,21,REGULAR SEASON,E2022,P009862,1.0,1.0,PAR,7,"PUNTER, KEVIN  XAVIER",20:37,6,0,1,1,3,3,4,0,1,1,1,1,0,0,0,4,4,5,2
E2022_110_P009862,E2022_110,ASV-PAR,13,REGULAR SEASON,E2022,P009862,0.0,1.0,PAR,7,"PUNTER, KEVIN  XAVIER",23:24,7,1,3,1,3,2,3,0,0,0,1,0,0,0,0,0,3,6,-1
E2022_072_P009862,E2022_072,PAR-TEL,8,REGULAR SEASON,E2022,P009862,0.0,1.0,PAR,7,"PUNTER, KEVIN  XAVIER",32:18,13,4,10,1,5,2,2,0,5,5,3,0,0,1,1,3,2,10,13
E2022_193_P009862,E2022_193,PAR-ASV,22,REGULAR SEASON,E2022,P009862,1.0,1.0,PAR,7,"PUNTER, KEVIN  XAVIER",21:02,22,5,10,3,5,3,3,2,2,4,2,1,0,0,0,2,4,24,22
E2022_095_P009862,E2022_095,PAR-PAM,11,REGULAR SEASON,E2022,P009862,0.0,1.0,PAR,7,"PUNTER, KEVIN  XAVIER",27:40,19,2,4,3,7,6,7,0,0,0,3,1,5,0,1,5,4,9,4
E2022_313_P009862,E2022_313,MAD-PAR,36,PLAYOFFS,E2022,P009862,1.0,1.0,PAR,7,"PUNTER, KEVIN  XAVIER",25:51,14,0,2,4,6,2,2,0,1,1,3,1,2,0,0,5,5,13,17
E2022_305_P009862,E2022_305,PAR-PAN,34,REGULAR SEASON,E2022,P009862,0.0,1.0,PAR,7,"PUNTER, KEVIN  XAVIER",31:25,17,4,10,3,6,0,0,1,0,1,2,0,3,1,2,3,3,7,3
E2022_139_P009862,E2022_139,PAR-MUN,16,REGULAR SEASON,E2022,P009862,0.0,1.0,PAR,7,"PUNTER, KEVIN  XAVIER",22:28,6,1,6,0,2,4,4,0,1,1,2,1,0,0,0,4,3,2,-9
E2022_239_P009862,E2022_239,VIR-PAR,27,REGULAR SEASON,E2022,P009862,1.0,1.0,PAR,7,"PUNTER, KEVIN  XAVIER",30:36,17,6,8,1,3,2,2,0,1,1,1,3,0,0,0,3,3,18,20
E2022_233_P009862,E2022_233,PAR-BER,26,REGULAR SEASON,E2022,P009862,1.0,1.0,PAR,7,"PUNTER, KEVIN  XAVIER",29:01,16,2,4,2,5,6,6,0,2,2,3,3,3,0,0,3,4,17,19
E2022_103_P009862,E2022_103,PAR-RED,12,REGULAR SEASON,E2022,P009862,1.0,1.0,PAR,7,"PUNTER, KEVIN  XAVIER",29:26,15,5,7,1,5,2,2,1,0,1,0,3,1,0,0,3,3,12,-2
E2022_017_P009862,E2022_017,BAS-PAR,2,REGULAR SEASON,E2022,P009862,0.0,1.0,PAR,7,"PUNTER, KEVIN  XAVIER",33:00,26,4,11,3,7,9,9,2,3,5,2,1,1,0,0,4,6,24,-8
E2022_211_P009862,E2022_211,MUN-PAR,24,REGULAR SEASON,E2022,P009862,1.0,1.0,PAR,7,"PUNTER, KEVIN  XAVIER",26:56,19,5,8,1,2,6,6,0,2,2,1,0,0,0,0,2,3,19,0
E2022_056_P009862,E2022_056,OLY-PAR,7,REGULAR SEASON,E2022,P009862,1.0,1.0,PAR,7,"PUNTER, KEVIN  XAVIER",33:26,14,5,6,1,7,1,2,0,0,0,2,4,2,0,0,4,4,10,-26
E2022_253_P009862,E2022_253,IST-PAR,29,REGULAR SEASON,E2022,P009862,1.0,1.0,PAR,7,"PUNTER, KEVIN  XAVIER",27:57,19,3,5,3,5,4,4,0,3,3,1,1,1,0,2,3,3,17,11
E2022_047_P009862,E2022_047,PAN-PAR,6,REGULAR SEASON,E2022,P009862,1.0,1.0,PAR,7,"PUNTER, KEVIN  XAVIER",35:48,29,4,9,6,8,3,4,0,1,1,4,1,3,0,1,3,4,24,-3
E2022_219_P009862,E2022_219,PAR-ULK,25,REGULAR SEASON,E2022,P009862,1.0,1.0,PAR,7,"PUNTER, KEVIN  XAVIER",28:52,25,5,7,3,6,6,6,0,1,1,2,0,0,0,1,5,7,24,6
E2022_274_P009862,E2022_274,PAR-BAR,31,REGULAR SEASON,E2022,P009862,1.0,1.0,PAR,7,"PUNTER, KEVIN  XAVIER",26:54,16,5,11,1,6,3,3,0,2,2,2,0,0,1,1,3,3,9,-9
E2022_007_P009862,E2022_007,BER-PAR,1,REGULAR SEASON,E2022,P009862,1.0,1.0,PAR,7,"PUNTER, KEVIN  XAVIER",32:04,13,2,5,1,5,6,6,0,6,6,3,1,0,0,0,1,6,21,-9
E2022_024_P009862,E2022_024,PAR-MIL,3,REGULAR SEASON,E2022,P009862,1.0,1.0,PAR,7,"PUNTER, KEVIN  XAVIER",33:02,7,1,5,1,4,2,2,0,5,5,2,0,1,0,1,2,3,6,-1
E2022_125_P009862,E2022_125,PAR-IST,14,REGULAR SEASON,E2022,P009862,0.0,1.0,PAR,7,"PUNTER, KEVIN  XAVIER",30:43,18,6,9,0,2,6,6,0,2,2,4,3,0,0,2,0,6,26,-1
E2022_032_P009862,E2022_032,PAR-VIR,4,REGULAR SEASON,E2022,P009862,0.0,1.0,PAR,7,"PUNTER, KEVIN  XAVIER",23:18,10,3,5,1,6,1,2,2,1,3,3,1,1,0,1,3,3,7,5
E2022_246_P009862,E2022_246,MIL-PAR,28,REGULAR SEASON,E2022,P009862,1.0,1.0,PAR,7,"PUNTER, KEVIN  XAVIER",28:46,15,5,8,0,3,5,5,0,5,5,3,0,1,0,1,3,4,16,3
E2022_038_P009862,E2022_038,PAR-ZAL,5,REGULAR SEASON,E2022,P009862,0.0,1.0,PAR,7,"PUNTER, KEVIN  XAVIER",19:28,26,7,10,3,4,3,4,0,0,0,1,1,3,0,0,4,4,20,10
E2022_149_P009862,E2022_149,PAR-MCO,17,REGULAR SEASON,E2022,P009862,1.0,1.0,PAR,7,"PUNTER, KEVIN  XAVIER",24:25,19,2,5,4,5,3,3,0,1,1,4,1,2,0,0,4,3,18,17
E2022_325_P009212,E2022_325,MAD-PAR,39,PLAYOFFS,E2022,P009212,0.0,0.0,PAR,1,"VUKCEVIC, TRISTAN",DNP,0,0,0,0,0,0,0,0,0,0,0,0,0,0,0,0,0,0,0
E2022_325_P008987,E2022_325,MAD-PAR,39,PLAYOFFS,E2022,P008987,1.0,1.0,PAR,2,"LEDAY, ZACH",32:27,9,0,5,3,5,0,0,0,3,3,1,0,0,1,1,2,1,5,-13
E2022_325_P011050,E2022_325,MAD-PAR,39,PLAYOFFS,E2022,P011050,0.0,0.0,PAR,5,"KOPRIVICA, BALSA",DNP,0,0,0,0,0,0,0,0,0,0,0,0,0,0,0,0,0,0,0
E2022_325_P011051,E2022_325,MAD-PAR,39,PLAYOFFS,E2022,P011051,1.0,1.0,PAR,9,"SMAILAGIC, ALEN",08:56,4,2,3,0,0,0,0,0,1,1,0,2,0,3,0,5,2,6,4
E2022_325_P005161,E2022_325,MAD-PAR,39,PLAYOFFS,E2022,P005161,1.0,1.0,PAR,10,"PAPAPETROU, IOANNIS",28:42,10,2,4,1,1,3,4,1,1,2,1,0,3,2,0,3,3,9,-6
E2022_325_P003842,E2022_325,MAD-PAR,39,PLAYOFFS,E2022,P003842,0.0,1.0,PAR,26,"LESSORT, MATHIAS",25:03,13,3,5,0,0,7,8,1,1,2,1,1,0,0,0,4,6,16,-5
E2022_325_P007673,E2022_325,MAD-PAR,39,PLAYOFFS,E2022,P007673,0.0,1.0,PAR,32,"TRIFUNOVIC, UROS",04:06,0,0,2,0,1,0,0,0,1,1,0,0,0,0,1,0,0,-3,4
E2022_325_P011052,E2022_325,MAD-PAR,39,PLAYOFFS,E2022,P011052,1.0,1.0,PAR,41,"MADAR, YAM",17:02,5,2,4,0,1,1,2,2,2,4,4,0,0,0,0,2,1,8,-9
E2022_325_PAR,E2022_325,MAD-PAR,39,PLAYOFFS,E2022,PAR,0.0,1.0,PAR,TOTAL,PARTIZAN MOZZART BET BELGRADE,200:00,94,12,32,15,29,25,30,8,20,28,16,4,6,6,3,23,28,105,0
E2022_288_P009212,E2022_288,PAR-MAD,32,REGULAR SEASON,E2022,P009212,0.0,0.0,PAR,1,"VUKCEVIC, TRISTAN",DNP,0,0,0,0,0,0,0,0,0,0,0,0,0,0,0,0,0,0,0
E2022_288_P008987,E2022_288,PAR-MAD,32,REGULAR SEASON,E2022,P008987,1.0,1.0,PAR,2,"LEDAY, ZACH",26:11,6,0,3,1,1,3,3,1,1,2,0,0,2,0,0,3,2,2,5
E2022_288_P003983,E2022_288,PAR-MAD,32,REGULAR SEASON,E2022,P003983,1.0,1.0,PAR,4,"AVRAMOVIC, ALEKSA",15:17,5,1,5,1,4,0,0,0,2,2,1,2,0,0,0,1,1,3,4
E2022_288_P011051,E2022_288,PAR-MAD,32,REGULAR SEASON,E2022,P011051,1.0,1.0,PAR,9,"SMAILAGIC, ALEN",09:07,11,3,5,1,1,2,4,0,0,0,1,1,1,0,2,5,2,3,4
E2022_288_P005161,E2022_288,PAR-MAD,32,REGULAR SEASON,E2022,P005161,1.0,1.0,PAR,10,"PAPAPETROU, IOANNIS",22:05,10,4,5,0,0,2,2,1,4,5,0,0,2,0,0,4,2,10,5
E2022_288_P003842,E2022_288,PAR-MAD,32,REGULAR SEASON,E2022,P003842,0.0,1.0,PAR,26,"LESSORT, MATHIAS",30:51,16,7,9,0,0,2,3,4,4,8,3,2,0,1,0,4,6,29,10
E2022_288_P007673,E2022_288,PAR-MAD,32,REGULAR SEASON,E2022,P007673,1.0,1.0,PAR,32,"TRIFUNOVIC, UROS",08:52,4,0,0,1,1,1,2,0,0,0,1,0,0,0,0,0,1,5,-10
E2022_288_P011052,E2022_288,PAR-MAD,32,REGULAR SEASON,E2022,P011052,0.0,1.0,PAR,41,"MADAR, YAM",05:56,2,1,1,0,0,0,0,0,0,0,0,0,3,0,0,3,0,-4,-4
E2022_288_PAR,E2022_288,PAR-MAD,32,REGULAR SEASON,E2022,PAR,0.0,1.0,PAR,TOTAL,PARTIZAN MOZZART BET BELGRADE,200:00,104,29,51,7,13,25,31,10,22,32,19,8,9,1,3,27,24,115,0
E2022_127_P009212,E2022_127,ULK-PAR,15,REGULAR SEASON,E2022,P009212,0.0,0.0,PAR,1,"VUKCEVIC, TRISTAN",DNP,0,0,0,0,0,0,0,0,0,0,0,0,0,0,0,0,0,0,0
E2022_127_P008987,E2022_127,ULK-PAR,15,REGULAR SEASON,E2022,P008987,1.0,1.0,PAR,2,"LEDAY, ZACH",28:17,8,4,6,0,0,0,0,0,6,6,2,0,0,0,0,3,1,12,0
E2022_127_P003983,E2022_127,ULK-PAR,15,REGULAR SEASON,E2022,P003983,0.0,1.0,PAR,4,"AVRAMOVIC, ALEKSA",08:32,6,1,1,0,0,4,7,1,2,3,0,0,1,0,0,2,5,8,2
E2022_127_P011051,E2022_127,ULK-PAR,15,REGULAR SEASON,E2022,P011051,1.0,1.0,PAR,9,"SMAILAGIC, ALEN",07:29,4,2,4,0,2,0,0,1,0,1,0,2,0,0,1,1,0,1,-8
E2022_127_P005161,E2022_127,ULK-PAR,15,REGULAR SEASON,E2022,P005161,0.0,1.0,PAR,10,"PAPAPETROU, IOANNIS",26:32,5,1,6,1,2,0,2,2,4,6,1,1,0,1,0,2,3,7,4
E2022_127_P003842,E2022_127,ULK-PAR,15,REGULAR SEASON,E2022,P003842,0.0,1.0,PAR,26,"LESSORT, MATHIAS",32:04,12,4,7,0,0,4,6,2,2,4,0,1,0,0,0,3,4,13,9
E2022_127_P007673,E2022_127,ULK-PAR,15,REGULAR SEASON,E2022,P007673,1.0,1.0,PAR,32,"TRIFUNOVIC, UROS",05:02,0,0,0,0,0,0,0,0,0,0,0,0,0,0,0,0,0,0,-4
E2022_127_P011052,E2022_127,ULK-PAR,15,REGULAR SEASON,E2022,P011052,0.0,1.0,PAR,41,"MADAR, YAM",13:35,7,1,3,1,3,2,4,1,3,4,2,0,1,0,1,1,2,6,2
E2022_127_PAR,E2022_127,ULK-PAR,15,REGULAR SEASON,E2022,PAR,0.0,1.0,PAR,TOTAL,PARTIZAN MOZZART BET BELGRADE,200:00,73,19,42,4,14,23,34,9,29,38,12,5,7,2,2,21,25,81,0
E2022_269_P009212,E2022_269,PAR-OLY,30,REGULAR SEASON,E2022,P009212,0.0,0.0,PAR,1,"VUKCEVIC, TRISTAN",DNP,0,0,0,0,0,0,0,0,0,0,0,0,0,0,0,0,0,0,0
E2022_269_P008987,E2022_269,PAR-OLY,30,REGULAR SEASON,E2022,P008987,1.0,1.0,PAR,2,"LEDAY, ZACH",22:06,6,1,1,1,3,1,1,1,3,4,0,0,1,0,0,1,4,10,4
E2022_269_P003983,E2022_269,PAR-OLY,30,REGULAR SEASON,E2022,P003983,0.0,1.0,PAR,4,"AVRAMOVIC, ALEKSA",16:45,2,1,1,0,1,0,0,0,3,3,1,0,2,0,0,4,1,0,18
E2022_269_P011051,E2022_269,PAR-OLY,30,REGULAR SEASON,E2022,P011051,1.0,1.0,PAR,9,"SMAILAGIC, ALEN",07:40,5,1,4,1,1,0,0,1,0,1,0,0,1,0,1,2,0,-1,-9
E2022_269_P005161,E2022_269,PAR-OLY,30,REGULAR SEASON,E2022,P005161,0.0,1.0,PAR,10,"PAPAPETROU, IOANNIS",15:22,10,2,3,2,5,0,0,0,3,3,2,1,1,0,0,1,0,10,10
E2022_269_P003842,E2022_269,PAR-OLY,30,REGULAR SEASON,E2022,P003842,0.0,1.0,PAR,26,"LESSORT, MATHIAS",32:20,12,4,6,0,0,4,4,5,5,10,3,0,1,0,0,0,4,26,24
E2022_269_P007673,E2022_269,PAR-OLY,30,REGULAR SEASON,E2022,P007673,0.0,1.0,PAR,32,"TRIFUNOVIC, UROS",05:11,0,0,0,0,1,0,0,0,1,1,1,0,0,0,0,1,0,0,0
E2022_269_P011052,E2022_269,PAR-OLY,30,REGULAR SEASON,E2022,P011052,1.0,1.0,PAR,41,"MADAR, YAM",14:54,4,1,4,0,2,2,2,0,0,0,3,2,1,0,1,2,2,2,3
E2022_269_PAR,E2022_269,PAR-OLY,30,REGULAR SEASON,E2022,PAR,0.0,1.0,PAR,TOTAL,PARTIZAN MOZZART BET BELGRADE,200:00,90,19,35,12,29,16,18,9,22,31,22,8,10,0,4,19,21,104,0
E2022_078_P008987,E2022_078,BAR-PAR,9,REGULAR SEASON,E2022,P008987,1.0,1.0,PAR,2,"LEDAY, ZACH",30:30,8,2,6,0,1,4,4,0,3,3,1,0,0,0,0,2,4,9,-17
E2022_078_P011051,E2022_078,BAR-PAR,9,REGULAR SEASON,E2022,P011051,0.0,1.0,PAR,9,"SMAILAGIC, ALEN",08:01,5,0,2,1,1,2,2,1,0,1,0,0,0,1,0,4,1,2,-1
E2022_078_P005161,E2022_078,BAR-PAR,9,REGULAR SEASON,E2022,P005161,1.0,1.0,PAR,10,"PAPAPETROU, IOANNIS",25:24,4,1,4,0,3,2,2,1,3,4,0,0,0,0,1,0,2,3,-10
E2022_078_P010458,E2022_078,BAR-PAR,9,REGULAR SEASON,E2022,P010458,0.0,1.0,PAR,12,"BRODZIANSKY, VLADIMIR",14:33,3,0,2,1,1,0,0,1,4,5,1,0,0,1,0,3,0,5,3
E2022_078_P011261,E2022_078,BAR-PAR,9,REGULAR SEASON,E2022,P011261,0.0,0.0,PAR,24,"GLAS, GREGOR",DNP,0,0,0,0,0,0,0,0,0,0,0,0,0,0,0,0,0,0,0
E2022_078_P003842,E2022_078,BAR-PAR,9,REGULAR SEASON,E2022,P003842,1.0,1.0,PAR,26,"LESSORT, MATHIAS",26:54,5,2,2,0,0,1,2,2,3,5,1,1,0,1,0,3,2,11,-7
E2022_078_P007673,E2022_078,BAR-PAR,9,REGULAR SEASON,E2022,P007673,0.0,1.0,PAR,32,"TRIFUNOVIC, UROS",08:07,0,0,0,0,1,0,0,0,1,1,1,0,1,0,0,1,0,-1,6
E2022_078_P011052,E2022_078,BAR-PAR,9,REGULAR SEASON,E2022,P011052,1.0,1.0,PAR,41,"MADAR, YAM",16:55,2,1,4,0,3,0,0,0,1,1,2,0,1,0,1,1,0,-4,-9
E2022_078_PAR,E2022_078,BAR-PAR,9,REGULAR SEASON,E2022,PAR,0.0,1.0,PAR,TOTAL,PARTIZAN MOZZART BET BELGRADE,200:00,68,13,36,6,20,24,26,11,19,30,10,3,8,5,2,21,21,67,0
E2022_204_P009212,E2022_204,ZAL-PAR,23,REGULAR SEASON,E2022,P009212,0.0,0.0,PAR,1,"VUKCEVIC, TRISTAN",DNP,0,0,0,0,0,0,0,0,0,0,0,0,0,0,0,0,0,0,0
E2022_204_P008987,E2022_204,ZAL-PAR,23,REGULAR SEASON,E2022,P008987,1.0,1.0,PAR,2,"LEDAY, ZACH",27:59,11,2,6,1,2,4,4,3,7,10,0,0,1,0,0,3,3,15,16
E2022_204_P003983,E2022_204,ZAL-PAR,23,REGULAR SEASON,E2022,P003983,1.0,1.0,PAR,4,"AVRAMOVIC, ALEKSA",20:51,3,0,2,1,2,0,0,1,2,3,4,0,0,1,0,2,1,7,1
E2022_204_P011051,E2022_204,ZAL-PAR,23,REGULAR SEASON,E2022,P011051,0.0,1.0,PAR,9,"SMAILAGIC, ALEN",15:36,8,1,3,2,2,0,0,2,0,2,0,0,0,0,0,2,2,8,13
E2022_204_P005161,E2022_204,ZAL-PAR,23,REGULAR SEASON,E2022,P005161,1.0,1.0,PAR,10,"PAPAPETROU, IOANNIS",26:42,17,3,6,3,4,2,2,3,1,4,0,0,0,0,1,2,3,17,-2
E2022_204_P003842,E2022_204,ZAL-PAR,23,REGULAR SEASON,E2022,P003842,1.0,1.0,PAR,26,"LESSORT, MATHIAS",29:28,14,5,8,0,0,4,7,2,4,6,1,0,6,0,1,3,4,9,8
E2022_204_P007673,E2022_204,ZAL-PAR,23,REGULAR SEASON,E2022,P007673,0.0,1.0,PAR,32,"TRIFUNOVIC, UROS",17:08,0,0,0,0,1,0,0,0,1,1,4,0,0,0,0,2,0,2,13
E2022_204_P011052,E2022_204,ZAL-PAR,23,REGULAR SEASON,E2022,P011052,0.0,0.0,PAR,41,"MADAR, YAM",DNP,0,0,0,0,0,0,0,0,0,0,0,0,0,0,0,0,0,0,0
E2022_204_PAR,E2022_204,ZAL-PAR,23,REGULAR SEASON,E2022,PAR,0.0,1.0,PAR,TOTAL,PARTIZAN MOZZART BET BELGRADE,200:00,88,18,34,13,22,13,16,15,17,32,15,4,11,1,2,22,19,96,0
E2022_085_P008987,E2022_085,MAD-PAR,10,REGULAR SEASON,E2022,P008987,1.0,1.0,PAR,2,"LEDAY, ZACH",28:50,20,2,5,4,6,4,4,3,3,6,6,0,3,1,0,3,5,27,0
E2022_085_P005161,E2022_085,MAD-PAR,10,REGULAR SEASON,E2022,P005161,0.0,1.0,PAR,10,"PAPAPETROU, IOANNIS",12:47,0,0,2,0,2,0,0,0,0,0,1,0,0,0,0,2,0,-5,-5
E2022_085_P010458,E2022_085,MAD-PAR,10,REGULAR SEASON,E2022,P010458,1.0,1.0,PAR,12,"BRODZIANSKY, VLADIMIR",21:54,8,1,1,2,5,0,0,0,1,1,1,2,0,0,0,4,0,5,-3
E2022_085_P011261,E2022_085,MAD-PAR,10,REGULAR SEASON,E2022,P011261,0.0,0.0,PAR,24,"GLAS, GREGOR",DNP,0,0,0,0,0,0,0,0,0,0,0,0,0,0,0,0,0,0,0
E2022_085_P003842,E2022_085,MAD-PAR,10,REGULAR SEASON,E2022,P003842,0.0,1.0,PAR,26,"LESSORT, MATHIAS",16:01,8,3,4,0,0,2,2,2,1,3,0,0,2,2,0,2,2,10,-11
E2022_085_P007673,E2022_085,MAD-PAR,10,REGULAR SEASON,E2022,P007673,0.0,0.0,PAR,32,"TRIFUNOVIC, UROS",DNP,0,0,0,0,0,0,0,0,0,0,0,0,0,0,0,0,0,0,0
E2022_085_P011052,E2022_085,MAD-PAR,10,REGULAR SEASON,E2022,P011052,0.0,1.0,PAR,41,"MADAR, YAM",05:08,0,0,0,0,1,0,0,0,0,0,2,0,0,0,0,0,0,1,-5
E2022_085_PAR,E2022_085,MAD-PAR,10,REGULAR SEASON,E2022,PAR,0.0,1.0,PAR,TOTAL,PARTIZAN MOZZART BET BELGRADE,200:00,97,15,29,17,35,16,18,9,15,24,21,3,13,3,2,22,20,97,0
E2022_171_P009212,E2022_171,PAR-BAS,19,REGULAR SEASON,E2022,P009212,0.0,0.0,PAR,1,"VUKCEVIC, TRISTAN",DNP,0,0,0,0,0,0,0,0,0,0,0,0,0,0,0,0,0,0,0
E2022_171_P008987,E2022_171,PAR-BAS,19,REGULAR SEASON,E2022,P008987,0.0,1.0,PAR,2,"LEDAY, ZACH",19:38,2,1,1,0,1,0,0,1,4,5,0,1,0,2,1,2,1,7,16
E2022_171_P003983,E2022_171,PAR-BAS,19,REGULAR SEASON,E2022,P003983,1.0,1.0,PAR,4,"AVRAMOVIC, ALEKSA",19:21,7,2,4,1,2,0,0,0,3,3,4,1,3,1,0,2,0,8,3
E2022_171_P011051,E2022_171,PAR-BAS,19,REGULAR SEASON,E2022,P011051,0.0,1.0,PAR,9,"SMAILAGIC, ALEN",12:09,0,0,1,0,1,0,0,2,1,3,1,0,0,0,0,3,1,0,1
E2022_171_P005161,E2022_171,PAR-BAS,19,REGULAR SEASON,E2022,P005161,1.0,1.0,PAR,10,"PAPAPETROU, IOANNIS",29:50,13,2,4,3,5,0,0,1,3,4,6,2,0,0,0,3,1,19,12
E2022_171_P003842,E2022_171,PAR-BAS,19,REGULAR SEASON,E2022,P003842,1.0,1.0,PAR,26,"LESSORT, MATHIAS",27:51,11,5,7,0,0,1,4,2,3,5,3,0,2,1,0,2,9,20,17
E2022_171_P007673,E2022_171,PAR-BAS,19,REGULAR SEASON,E2022,P007673,1.0,1.0,PAR,32,"TRIFUNOVIC, UROS",25:36,15,2,3,3,4,2,2,0,2,2,0,2,0,0,0,1,2,18,1
E2022_171_P011052,E2022_171,PAR-BAS,19,REGULAR SEASON,E2022,P011052,0.0,1.0,PAR,41,"MADAR, YAM",14:34,10,2,2,0,0,6,6,0,2,2,0,0,1,0,0,2,3,12,9
E2022_171_PAR,E2022_171,PAR-BAS,19,REGULAR SEASON,E2022,PAR,0.0,1.0,PAR,TOTAL,PARTIZAN MOZZART BET BELGRADE,200:00,83,15,28,13,23,14,19,7,25,32,17,8,13,4,1,19,20,103,0
E2022_161_P009212,E2022_161,TEL-PAR,18,REGULAR SEASON,E2022,P009212,0.0,0.0,PAR,1,"VUKCEVIC, TRISTAN",DNP,0,0,0,0,0,0,0,0,0,0,0,0,0,0,0,0,0,0,0
E2022_161_P008987,E2022_161,TEL-PAR,18,REGULAR SEASON,E2022,P008987,1.0,1.0,PAR,2,"LEDAY, ZACH",33:58,15,6,10,0,0,3,4,5,4,9,0,0,0,1,3,2,4,19,-8
E2022_161_P003983,E2022_161,TEL-PAR,18,REGULAR SEASON,E2022,P003983,0.0,1.0,PAR,4,"AVRAMOVIC, ALEKSA",13:32,15,5,8,1,3,2,2,3,0,3,3,0,3,0,0,4,2,11,1
E2022_161_P011051,E2022_161,TEL-PAR,18,REGULAR SEASON,E2022,P011051,1.0,1.0,PAR,9,"SMAILAGIC, ALEN",04:22,0,0,0,0,2,0,0,1,0,1,0,0,1,0,0,0,0,-2,-10
E2022_161_P005161,E2022_161,TEL-PAR,18,REGULAR SEASON,E2022,P005161,1.0,1.0,PAR,10,"PAPAPETROU, IOANNIS",19:35,2,1,2,0,0,0,0,0,3,3,0,1,2,0,0,1,1,3,-14
E2022_161_P003842,E2022_161,TEL-PAR,18,REGULAR SEASON,E2022,P003842,0.0,1.0,PAR,26,"LESSORT, MATHIAS",35:38,5,2,4,0,0,1,2,1,7,8,2,1,0,0,1,2,4,14,1
E2022_161_P007673,E2022_161,TEL-PAR,18,REGULAR SEASON,E2022,P007673,0.0,1.0,PAR,32,"TRIFUNOVIC, UROS",17:19,3,0,1,1,2,0,0,0,2,2,0,1,1,0,1,1,0,1,0
E2022_161_P011052,E2022_161,TEL-PAR,18,REGULAR SEASON,E2022,P011052,1.0,1.0,PAR,41,"MADAR, YAM",03:04,0,0,1,0,1,0,0,0,0,0,0,0,0,0,0,1,0,-3,0
E2022_161_PAR,E2022_161,TEL-PAR,18,REGULAR SEASON,E2022,PAR,0.0,1.0,PAR,TOTAL,PARTIZAN MOZZART BET BELGRADE,200:00,81,21,40,6,20,21,25,11,22,33,10,5,13,1,6,22,25,77,0
E2022_176_P009212,E2022_176,PAM-PAR,20,REGULAR SEASON,E2022,P009212,0.0,0.0,PAR,1,"VUKCEVIC, TRISTAN",DNP,0,0,0,0,0,0,0,0,0,0,0,0,0,0,0,0,0,0,0
E2022_176_P008987,E2022_176,PAM-PAR,20,REGULAR SEASON,E2022,P008987,0.0,1.0,PAR,2,"LEDAY, ZACH",13:24,7,1,2,1,1,2,2,0,1,1,1,1,1,0,0,2,2,8,-9
E2022_176_P003983,E2022_176,PAM-PAR,20,REGULAR SEASON,E2022,P003983,1.0,1.0,PAR,4,"AVRAMOVIC, ALEKSA",14:47,0,0,1,0,1,0,0,0,1,1,0,0,1,0,0,4,1,-5,-4
E2022_176_P011051,E2022_176,PAM-PAR,20,REGULAR SEASON,E2022,P011051,0.0,1.0,PAR,9,"SMAILAGIC, ALEN",16:18,7,2,2,0,1,3,4,0,2,2,1,2,1,1,0,2,2,10,-1
E2022_176_P005161,E2022_176,PAM-PAR,20,REGULAR SEASON,E2022,P005161,1.0,1.0,PAR,10,"PAPAPETROU, IOANNIS",20:29,3,0,2,1,3,0,0,0,0,0,2,1,0,0,0,1,1,2,-11
E2022_176_P003842,E2022_176,PAM-PAR,20,REGULAR SEASON,E2022,P003842,1.0,1.0,PAR,26,"LESSORT, MATHIAS",20:06,8,3,3,0,0,2,2,1,2,3,3,0,2,1,0,5,5,13,-3
E2022_176_P007673,E2022_176,PAM-PAR,20,REGULAR SEASON,E2022,P007673,1.0,1.0,PAR,32,"TRIFUNOVIC, UROS",24:00,9,0,1,3,4,0,0,1,5,6,3,1,0,0,1,0,1,17,3
E2022_176_P011052,E2022_176,PAM-PAR,20,REGULAR SEASON,E2022,P011052,0.0,1.0,PAR,41,"MADAR, YAM",01:44,0,0,0,0,1,0,0,0,0,0,0,0,0,0,0,1,1,-1,2
E2022_176_PAR,E2022_176,PAM-PAR,20,REGULAR SEASON,E2022,PAR,0.0,1.0,PAR,TOTAL,PARTIZAN MOZZART BET BELGRADE,200:00,81,14,24,12,25,17,21,4,14,18,15,7,15,2,1,26,24,78,0
E2022_309_P009212,E2022_309,MAD-PAR,35,PLAYOFFS,E2022,P009212,0.0,0.0,PAR,1,"VUKCEVIC, TRISTAN",DNP,0,0,0,0,0,0,0,0,0,0,0,0,0,0,0,0,0,0,0
E2022_309_P008987,E2022_309,MAD-PAR,35,PLAYOFFS,E2022,P008987,1.0,1.0,PAR,2,"LEDAY, ZACH",32:30,13,4,7,0,2,5,5,1,3,4,1,0,3,0,0,5,5,10,14
E2022_309_P003983,E2022_309,MAD-PAR,35,PLAYOFFS,E2022,P003983,1.0,1.0,PAR,4,"AVRAMOVIC, ALEKSA",20:11,8,1,3,2,4,0,0,0,3,3,1,0,0,0,0,2,2,8,-4
E2022_309_P011051,E2022_309,MAD-PAR,35,PLAYOFFS,E2022,P011051,1.0,1.0,PAR,9,"SMAILAGIC, ALEN",10:40,11,1,3,3,3,0,0,0,2,2,1,1,1,0,1,4,0,7,13
E2022_309_P005161,E2022_309,MAD-PAR,35,PLAYOFFS,E2022,P005161,0.0,1.0,PAR,10,"PAPAPETROU, IOANNIS",05:58,0,0,0,0,1,0,0,0,0,0,0,0,0,0,0,2,0,-3,-15
E2022_309_P003842,E2022_309,MAD-PAR,35,PLAYOFFS,E2022,P003842,0.0,1.0,PAR,26,"LESSORT, MATHIAS",29:38,11,4,7,0,0,3,4,1,2,3,1,1,1,1,1,2,7,16,-9
E2022_309_P007673,E2022_309,MAD-PAR,35,PLAYOFFS,E2022,P007673,1.0,1.0,PAR,32,"TRIFUNOVIC, UROS",13:15,1,0,1,0,2,1,2,1,2,3,0,0,0,0,0,1,1,0,1
E2022_309_P011052,E2022_309,MAD-PAR,35,PLAYOFFS,E2022,P011052,0.0,1.0,PAR,41,"MADAR, YAM",14:18,6,0,1,2,2,0,0,1,1,2,0,0,0,1,0,0,0,8,3
E2022_309_PAR,E2022_309,MAD-PAR,35,PLAYOFFS,E2022,PAR,0.0,1.0,PAR,TOTAL,PARTIZAN MOZZART BET BELGRADE,200:00,89,13,29,13,26,24,27,8,22,30,13,2,10,2,3,23,28,96,0
E2022_294_P009212,E2022_294,MCO-PAR,33,REGULAR SEASON,E2022,P009212,0.0,0.0,PAR,1,"VUKCEVIC, TRISTAN",DNP,0,0,0,0,0,0,0,0,0,0,0,0,0,0,0,0,0,0,0
E2022_294_P008987,E2022_294,MCO-PAR,33,REGULAR SEASON,E2022,P008987,1.0,1.0,PAR,2,"LEDAY, ZACH",36:38,22,3,7,1,3,13,14,0,2,2,0,0,1,0,1,3,12,24,-7
E2022_294_P003983,E2022_294,MCO-PAR,33,REGULAR SEASON,E2022,P003983,0.0,1.0,PAR,4,"AVRAMOVIC, ALEKSA",24:37,22,5,5,3,8,3,4,0,3,3,3,1,2,0,0,4,3,20,14
E2022_294_P011051,E2022_294,MCO-PAR,33,REGULAR SEASON,E2022,P011051,1.0,1.0,PAR,9,"SMAILAGIC, ALEN",16:12,12,2,3,2,3,2,4,3,1,4,1,0,1,1,0,4,5,14,5
E2022_294_P005161,E2022_294,MCO-PAR,33,REGULAR SEASON,E2022,P005161,1.0,1.0,PAR,10,"PAPAPETROU, IOANNIS",18:04,6,0,0,2,2,0,0,0,3,3,0,0,0,0,0,3,0,6,2
E2022_294_P003842,E2022_294,MCO-PAR,33,REGULAR SEASON,E2022,P003842,0.0,1.0,PAR,26,"LESSORT, MATHIAS",23:22,4,2,3,0,0,0,0,1,8,9,2,2,3,0,0,4,1,10,-1
E2022_294_P007673,E2022_294,MCO-PAR,33,REGULAR SEASON,E2022,P007673,0.0,0.0,PAR,32,"TRIFUNOVIC, UROS",DNP,0,0,0,0,0,0,0,0,0,0,0,0,0,0,0,0,0,0,0
E2022_294_P011052,E2022_294,MCO-PAR,33,REGULAR SEASON,E2022,P011052,1.0,1.0,PAR,41,"MADAR, YAM",08:18,0,0,3,0,1,0,0,0,0,0,0,0,0,0,0,2,0,-6,0
E2022_294_PAR,E2022_294,MCO-PAR,33,REGULAR SEASON,E2022,PAR,0.0,1.0,PAR,TOTAL,PARTIZAN MOZZART BET BELGRADE,200:00,88,16,30,11,24,23,27,7,20,27,13,5,14,1,2,23,24,88,0
E2022_186_P008987,E2022_186,RED-PAR,21,REGULAR SEASON,E2022,P008987,0.0,1.0,PAR,2,"LEDAY, ZACH",32:18,20,3,7,4,5,2,2,1,2,3,0,2,0,1,1,2,4,22,3
E2022_186_P003983,E2022_186,RED-PAR,21,REGULAR SEASON,E2022,P003983,0.0,1.0,PAR,4,"AVRAMOVIC, ALEKSA",10:32,3,0,2,1,5,0,0,0,1,1,4,0,0,0,0,2,1,1,0
E2022_186_P011051,E2022_186,RED-PAR,21,REGULAR SEASON,E2022,P011051,0.0,1.0,PAR,9,"SMAILAGIC, ALEN",12:27,7,3,4,0,0,1,2,3,1,4,0,1,1,0,0,2,3,10,0
E2022_186_P005161,E2022_186,RED-PAR,21,REGULAR SEASON,E2022,P005161,1.0,1.0,PAR,10,"PAPAPETROU, IOANNIS",21:27,0,0,2,0,1,0,0,1,2,3,1,0,0,1,0,1,2,3,-1
E2022_186_P010458,E2022_186,RED-PAR,21,REGULAR SEASON,E2022,P010458,0.0,0.0,PAR,12,"BRODZIANSKY, VLADIMIR",DNP,0,0,0,0,0,0,0,0,0,0,0,0,0,0,0,0,0,0,0
E2022_186_P003842,E2022_186,RED-PAR,21,REGULAR SEASON,E2022,P003842,1.0,1.0,PAR,26,"LESSORT, MATHIAS",27:27,13,5,6,0,0,3,4,1,7,8,0,2,1,0,0,3,2,19,1
E2022_186_P007673,E2022_186,RED-PAR,21,REGULAR SEASON,E2022,P007673,1.0,1.0,PAR,32,"TRIFUNOVIC, UROS",18:48,0,0,1,0,0,0,0,0,2,2,0,2,0,0,0,2,2,3,-2
E2022_186_P011052,E2022_186,RED-PAR,21,REGULAR SEASON,E2022,P011052,0.0,1.0,PAR,41,"MADAR, YAM",04:40,5,0,2,1,1,2,2,0,0,0,0,1,0,0,0,1,1,4,-1
E2022_186_PAR,E2022_186,RED-PAR,21,REGULAR SEASON,E2022,PAR,0.0,1.0,PAR,TOTAL,PARTIZAN MOZZART BET BELGRADE,200:00,79,15,36,10,24,19,23,11,19,30,13,12,7,2,1,22,25,92,0
E2022_110_P009212,E2022_110,ASV-PAR,13,REGULAR SEASON,E2022,P009212,0.0,0.0,PAR,1,"VUKCEVIC, TRISTAN",DNP,0,0,0,0,0,0,0,0,0,0,0,0,0,0,0,0,0,0,0
E2022_110_P008987,E2022_110,ASV-PAR,13,REGULAR SEASON,E2022,P008987,1.0,1.0,PAR,2,"LEDAY, ZACH",35:55,10,4,5,0,1,2,2,2,3,5,3,1,0,0,0,4,5,18,1
E2022_110_P011051,E2022_110,ASV-PAR,13,REGULAR SEASON,E2022,P011051,0.0,1.0,PAR,9,"SMAILAGIC, ALEN",04:08,2,1,1,0,0,0,0,0,1,1,1,0,1,1,0,1,0,3,-1
E2022_110_P005161,E2022_110,ASV-PAR,13,REGULAR SEASON,E2022,P005161,1.0,1.0,PAR,10,"PAPAPETROU, IOANNIS",22:58,7,2,4,1,3,0,1,0,1,1,0,1,0,0,0,2,1,3,-3
E2022_110_P010458,E2022_110,ASV-PAR,13,REGULAR SEASON,E2022,P010458,0.0,1.0,PAR,12,"BRODZIANSKY, VLADIMIR",06:09,0,0,1,0,0,0,0,0,1,1,0,0,1,0,0,2,0,-3,-3
E2022_110_P003842,E2022_110,ASV-PAR,13,REGULAR SEASON,E2022,P003842,1.0,1.0,PAR,26,"LESSORT, MATHIAS",33:45,15,4,6,0,0,7,12,3,5,8,3,2,2,0,0,4,8,23,-5
E2022_110_P007673,E2022_110,ASV-PAR,13,REGULAR SEASON,E2022,P007673,0.0,0.0,PAR,32,"TRIFUNOVIC, UROS",DNP,0,0,0,0,0,0,0,0,0,0,0,0,0,0,0,0,0,0,0
E2022_110_P011052,E2022_110,ASV-PAR,13,REGULAR SEASON,E2022,P011052,0.0,1.0,PAR,41,"MADAR, YAM",04:55,3,0,0,1,1,0,0,0,0,0,0,1,0,0,0,3,0,1,5
E2022_110_PAR,E2022_110,ASV-PAR,13,REGULAR SEASON,E2022,PAR,0.0,1.0,PAR,TOTAL,PARTIZAN MOZZART BET BELGRADE,200:00,87,25,37,5,17,22,31,6,17,23,18,8,9,1,0,22,27,100,0
E2022_072_P009212,E2022_072,PAR-TEL,8,REGULAR SEASON,E2022,P009212,0.0,0.0,PAR,1,"VUKCEVIC, TRISTAN",DNP,0,0,0,0,0,0,0,0,0,0,0,0,0,0,0,0,0,0,0
E2022_072_P008987,E2022_072,PAR-TEL,8,REGULAR SEASON,E2022,P008987,1.0,1.0,PAR,2,"LEDAY, ZACH",36:43,21,5,8,2,3,5,6,1,6,7,2,1,1,0,1,2,5,27,4
E2022_072_P011051,E2022_072,PAR-TEL,8,REGULAR SEASON,E2022,P011051,0.0,1.0,PAR,9,"SMAILAGIC, ALEN",04:44,9,4,4,0,0,1,1,2,0,2,0,0,0,0,0,1,1,11,-5
E2022_072_P005161,E2022_072,PAR-TEL,8,REGULAR SEASON,E2022,P005161,1.0,1.0,PAR,10,"PAPAPETROU, IOANNIS",17:12,0,0,0,0,3,0,0,0,3,3,1,0,2,1,0,2,2,0,0
E2022_072_P011261,E2022_072,PAR-TEL,8,REGULAR SEASON,E2022,P011261,0.0,0.0,PAR,24,"GLAS, GREGOR",DNP,0,0,0,0,0,0,0,0,0,0,0,0,0,0,0,0,0,0,0
E2022_072_P003842,E2022_072,PAR-TEL,8,REGULAR SEASON,E2022,P003842,1.0,1.0,PAR,26,"LESSORT, MATHIAS",33:27,16,6,9,0,0,4,4,7,1,8,4,0,2,1,0,2,5,27,11
E2022_072_P007673,E2022_072,PAR-TEL,8,REGULAR SEASON,E2022,P007673,0.0,1.0,PAR,32,"TRIFUNOVIC, UROS",00:15,0,0,0,0,0,0,0,0,0,0,0,0,0,0,0,0,0,0,0
E2022_072_P011052,E2022_072,PAR-TEL,8,REGULAR SEASON,E2022,P011052,1.0,1.0,PAR,41,"MADAR, YAM",13:20,8,1,1,2,2,0,0,0,0,0,1,0,0,0,0,4,0,5,-5
E2022_072_PAR,E2022_072,PAR-TEL,8,REGULAR SEASON,E2022,PAR,0.0,1.0,PAR,TOTAL,PARTIZAN MOZZART BET BELGRADE,200:00,96,26,43,8,18,20,21,11,22,33,16,3,9,3,4,16,21,115,0
E2022_193_P009212,E2022_193,PAR-ASV,22,REGULAR SEASON,E2022,P009212,0.0,0.0,PAR,1,"VUKCEVIC, TRISTAN",DNP,0,0,0,0,0,0,0,0,0,0,0,0,0,0,0,0,0,0,0
E2022_193_P008987,E2022_193,PAR-ASV,22,REGULAR SEASON,E2022,P008987,1.0,1.0,PAR,2,"LEDAY, ZACH",32:10,9,3,3,0,1,3,4,1,6,7,1,3,0,0,0,1,4,21,20
E2022_193_P003983,E2022_193,PAR-ASV,22,REGULAR SEASON,E2022,P003983,1.0,1.0,PAR,4,"AVRAMOVIC, ALEKSA",12:18,6,3,4,0,1,0,0,0,1,1,0,1,2,0,0,1,1,4,12
E2022_193_P011051,E2022_193,PAR-ASV,22,REGULAR SEASON,E2022,P011051,0.0,1.0,PAR,9,"SMAILAGIC, ALEN",15:12,3,1,2,0,2,1,2,1,2,3,1,1,2,2,0,2,1,3,5
E2022_193_P005161,E2022_193,PAR-ASV,22,REGULAR SEASON,E2022,P005161,0.0,1.0,PAR,10,"PAPAPETROU, IOANNIS",18:45,3,0,1,1,3,0,0,1,0,1,2,0,0,0,0,0,1,4,13
E2022_193_P003842,E2022_193,PAR-ASV,22,REGULAR SEASON,E2022,P003842,1.0,1.0,PAR,26,"LESSORT, MATHIAS",24:48,12,3,6,0,0,6,6,3,1,4,2,2,1,1,0,1,5,21,16
E2022_193_P007673,E2022_193,PAR-ASV,22,REGULAR SEASON,E2022,P007673,1.0,1.0,PAR,32,"TRIFUNOVIC, UROS",14:08,7,2,3,1,1,0,0,0,1,1,1,1,0,0,0,2,0,7,2
E2022_193_P011052,E2022_193,PAR-ASV,22,REGULAR SEASON,E2022,P011052,0.0,1.0,PAR,41,"MADAR, YAM",06:44,3,0,0,1,2,0,0,1,0,1,1,0,0,0,0,4,0,0,-2
E2022_193_PAR,E2022_193,PAR-ASV,22,REGULAR SEASON,E2022,PAR,0.0,1.0,PAR,TOTAL,PARTIZAN MOZZART BET BELGRADE,200:00,92,25,41,8,21,18,21,10,17,27,12,11,7,3,0,16,23,113,0
E2022_095_P009212,E2022_095,PAR-PAM,11,REGULAR SEASON,E2022,P009212,0.0,1.0,PAR,1,"VUKCEVIC, TRISTAN",03:31,0,0,0,0,0,0,0,0,0,0,0,0,1,0,0,2,0,-3,-6
E2022_095_P008987,E2022_095,PAR-PAM,11,REGULAR SEASON,E2022,P008987,1.0,1.0,PAR,2,"LEDAY, ZACH",37:36,12,4,8,0,1,4,4,0,2,2,1,1,1,0,1,4,4,9,-1
E2022_095_P005161,E2022_095,PAR-PAM,11,REGULAR SEASON,E2022,P005161,1.0,1.0,PAR,10,"PAPAPETROU, IOANNIS",27:22,4,1,1,0,3,2,2,1,2,3,1,2,0,0,0,0,5,12,-7
E2022_095_P010458,E2022_095,PAR-PAM,11,REGULAR SEASON,E2022,P010458,1.0,1.0,PAR,12,"BRODZIANSKY, VLADIMIR",05:33,0,0,1,0,0,0,0,0,0,0,0,0,0,0,0,0,0,-1,-2
E2022_095_P011261,E2022_095,PAR-PAM,11,REGULAR SEASON,E2022,P011261,0.0,0.0,PAR,24,"GLAS, GREGOR",DNP,0,0,0,0,0,0,0,0,0,0,0,0,0,0,0,0,0,0,0
E2022_095_P003842,E2022_095,PAR-PAM,11,REGULAR SEASON,E2022,P003842,0.0,1.0,PAR,26,"LESSORT, MATHIAS",39:27,22,8,9,0,1,6,7,2,8,10,1,0,1,2,0,2,8,37,-2
E2022_095_P007673,E2022_095,PAR-PAM,11,REGULAR SEASON,E2022,P007673,0.0,1.0,PAR,32,"TRIFUNOVIC, UROS",03:37,0,0,0,0,0,0,0,0,0,0,0,0,0,0,0,0,0,0,-2
E2022_095_P011052,E2022_095,PAR-PAM,11,REGULAR SEASON,E2022,P011052,1.0,1.0,PAR,41,"MADAR, YAM",13:29,13,3,3,2,3,1,2,1,0,1,2,0,1,0,0,1,2,14,-2
E2022_095_PAR,E2022_095,PAR-PAM,11,REGULAR SEASON,E2022,PAR,0.0,1.0,PAR,TOTAL,PARTIZAN MOZZART BET BELGRADE,225:00,96,25,35,8,27,22,25,6,17,23,17,5,12,5,2,20,26,106,0
E2022_313_P009212,E2022_313,MAD-PAR,36,PLAYOFFS,E2022,P009212,0.0,1.0,PAR,1,"VUKCEVIC, TRISTAN",,0,0,0,0,0,0,0,0,0,0,0,0,0,0,0,1,0,-1,0
E2022_313_P008987,E2022_313,MAD-PAR,36,PLAYOFFS,E2022,P008987,1.0,1.0,PAR,2,"LEDAY, ZACH",28:49,15,2,3,3,5,2,3,1,5,6,0,0,2,0,0,2,4,17,9
E2022_313_P003983,E2022_313,MAD-PAR,36,PLAYOFFS,E2022,P003983,0.0,1.0,PAR,4,"AVRAMOVIC, ALEKSA",12:43,4,2,2,0,2,0,0,0,1,1,3,2,0,0,0,2,0,6,6
E2022_313_P011051,E2022_313,MAD-PAR,36,PLAYOFFS,E2022,P011051,0.0,1.0,PAR,9,"SMAILAGIC, ALEN",07:40,7,2,2,1,1,0,1,0,0,0,0,0,0,0,0,4,2,4,5
E2022_313_P005161,E2022_313,MAD-PAR,36,PLAYOFFS,E2022,P005161,1.0,1.0,PAR,10,"PAPAPETROU, IOANNIS",18:33,6,2,3,0,2,2,2,0,1,1,1,0,0,0,0,3,1,3,7
E2022_313_P003842,E2022_313,MAD-PAR,36,PLAYOFFS,E2022,P003842,1.0,1.0,PAR,26,"LESSORT, MATHIAS",29:23,10,4,6,0,0,2,2,4,5,9,1,1,1,1,1,2,4,20,5
E2022_313_P007673,E2022_313,MAD-PAR,36,PLAYOFFS,E2022,P007673,0.0,1.0,PAR,32,"TRIFUNOVIC, UROS",00:33,0,0,0,0,0,0,0,0,0,0,1,0,0,0,0,1,0,0,1
E2022_313_P011052,E2022_313,MAD-PAR,36,PLAYOFFS,E2022,P011052,1.0,1.0,PAR,41,"MADAR, YAM",12:03,4,2,4,0,2,0,0,0,1,1,3,0,1,1,0,4,1,1,9
E2022_313_PAR,E2022_313,MAD-PAR,36,PLAYOFFS,E2022,PAR,0.0,1.0,PAR,TOTAL,PARTIZAN MOZZART BET BELGRADE,190:00,95,17,28,12,28,25,28,7,22,29,15,7,11,2,1,34,27,99,0
E2022_305_P009212,E2022_305,PAR-PAN,34,REGULAR SEASON,E2022,P009212,0.0,0.0,PAR,1,"VUKCEVIC, TRISTAN",DNP,0,0,0,0,0,0,0,0,0,0,0,0,0,0,0,0,0,0,0
E2022_305_P008987,E2022_305,PAR-PAN,34,REGULAR SEASON,E2022,P008987,1.0,1.0,PAR,2,"LEDAY, ZACH",34:21,9,3,5,0,2,3,4,1,3,4,1,1,1,1,0,2,5,13,17
E2022_305_P003983,E2022_305,PAR-PAN,34,REGULAR SEASON,E2022,P003983,0.0,1.0,PAR,4,"AVRAMOVIC, ALEKSA",17:32,14,4,7,2,5,0,0,1,2,3,3,2,0,0,0,0,4,20,7
E2022_305_P011051,E2022_305,PAR-PAN,34,REGULAR SEASON,E2022,P011051,0.0,1.0,PAR,9,"SMAILAGIC, ALEN",10:20,4,1,1,0,2,2,2,1,1,2,1,0,0,1,0,2,1,5,1
E2022_305_P005161,E2022_305,PAR-PAN,34,REGULAR SEASON,E2022,P005161,1.0,1.0,PAR,10,"PAPAPETROU, IOANNIS",15:33,3,0,0,1,1,0,0,0,0,0,2,0,1,0,0,1,1,4,-13
E2022_305_P003842,E2022_305,PAR-PAN,34,REGULAR SEASON,E2022,P003842,1.0,1.0,PAR,26,"LESSORT, MATHIAS",29:40,9,3,5,0,0,3,5,1,8,9,2,0,1,0,0,3,4,16,1
E2022_305_P007673,E2022_305,PAR-PAN,34,REGULAR SEASON,E2022,P007673,0.0,1.0,PAR,32,"TRIFUNOVIC, UROS",06:20,0,0,0,0,0,0,0,0,0,0,0,0,0,0,0,1,0,-1,-5
E2022_305_P011052,E2022_305,PAR-PAN,34,REGULAR SEASON,E2022,P011052,1.0,1.0,PAR,41,"MADAR, YAM",04:50,2,1,1,0,0,0,0,1,0,1,1,0,0,0,0,1,0,3,-1
E2022_305_PAR,E2022_305,PAR-PAN,34,REGULAR SEASON,E2022,PAR,0.0,1.0,PAR,TOTAL,PARTIZAN MOZZART BET BELGRADE,200:00,83,21,35,10,23,11,15,9,18,27,18,7,9,3,2,17,22,101,0
E2022_139_P009212,E2022_139,PAR-MUN,16,REGULAR SEASON,E2022,P009212,0.0,0.0,PAR,1,"VUKCEVIC, TRISTAN",DNP,0,0,0,0,0,0,0,0,0,0,0,0,0,0,0,0,0,0,0
E2022_139_P008987,E2022_139,PAR-MUN,16,REGULAR SEASON,E2022,P008987,1.0,1.0,PAR,2,"LEDAY, ZACH",34:40,15,4,6,1,1,4,5,0,9,9,0,0,0,0,0,2,4,23,10
E2022_139_P003983,E2022_139,PAR-MUN,16,REGULAR SEASON,E2022,P003983,0.0,1.0,PAR,4,"AVRAMOVIC, ALEKSA",03:13,2,1,3,0,0,0,1,0,1,1,0,0,0,0,0,0,1,1,3
E2022_139_P011051,E2022_139,PAR-MUN,16,REGULAR SEASON,E2022,P011051,0.0,1.0,PAR,9,"SMAILAGIC, ALEN",10:56,2,1,1,0,0,0,0,3,0,3,0,0,0,0,0,2,1,4,-1
E2022_139_P005161,E2022_139,PAR-MUN,16,REGULAR SEASON,E2022,P005161,0.0,1.0,PAR,10,"PAPAPETROU, IOANNIS",19:55,2,1,2,0,1,0,0,0,2,2,0,0,1,1,0,3,0,-1,2
E2022_139_P003842,E2022_139,PAR-MUN,16,REGULAR SEASON,E2022,P003842,1.0,1.0,PAR,26,"LESSORT, MATHIAS",29:04,16,5,8,0,0,6,7,4,7,11,1,2,1,1,0,3,5,28,7
E2022_139_P007673,E2022_139,PAR-MUN,16,REGULAR SEASON,E2022,P007673,1.0,1.0,PAR,32,"TRIFUNOVIC, UROS",18:15,2,1,2,0,1,0,0,0,1,1,0,1,0,0,0,2,1,1,15
E2022_139_P011052,E2022_139,PAR-MUN,16,REGULAR SEASON,E2022,P011052,1.0,1.0,PAR,41,"MADAR, YAM",22:06,14,6,9,0,1,2,2,2,1,3,3,0,1,1,0,4,3,15,11
E2022_139_PAR,E2022_139,PAR-MUN,16,REGULAR SEASON,E2022,PAR,0.0,1.0,PAR,TOTAL,PARTIZAN MOZZART BET BELGRADE,200:00,83,27,50,3,15,20,26,11,25,36,11,4,6,5,1,25,26,92,0
E2022_321_P009212,E2022_321,PAR-MAD,38,PLAYOFFS,E2022,P009212,0.0,0.0,PAR,1,"VUKCEVIC, TRISTAN",DNP,0,0,0,0,0,0,0,0,0,0,0,0,0,0,0,0,0,0,0
E2022_321_P008987,E2022_321,PAR-MAD,38,PLAYOFFS,E2022,P008987,1.0,1.0,PAR,2,"LEDAY, ZACH",38:58,25,12,14,0,2,1,2,1,2,3,1,1,0,0,0,4,4,25,-5
E2022_321_P011050,E2022_321,PAR-MAD,38,PLAYOFFS,E2022,P011050,0.0,0.0,PAR,5,"KOPRIVICA, BALSA",DNP,0,0,0,0,0,0,0,0,0,0,0,0,0,0,0,0,0,0,0
E2022_321_P011051,E2022_321,PAR-MAD,38,PLAYOFFS,E2022,P011051,0.0,1.0,PAR,9,"SMAILAGIC, ALEN",07:27,0,0,0,0,1,0,0,0,2,2,0,0,0,0,0,2,1,0,2
E2022_321_P005161,E2022_321,PAR-MAD,38,PLAYOFFS,E2022,P005161,0.0,1.0,PAR,10,"PAPAPETROU, IOANNIS",30:55,18,3,4,3,5,3,5,1,3,4,0,0,1,0,0,2,4,18,2
E2022_321_P003842,E2022_321,PAR-MAD,38,PLAYOFFS,E2022,P003842,1.0,1.0,PAR,26,"LESSORT, MATHIAS",30:27,11,3,7,0,0,5,10,3,4,7,2,1,3,0,1,3,6,11,-8
E2022_321_P007673,E2022_321,PAR-MAD,38,PLAYOFFS,E2022,P007673,1.0,1.0,PAR,32,"TRIFUNOVIC, UROS",13:12,3,0,0,1,1,0,0,0,3,3,0,0,0,0,0,3,0,3,-11
E2022_321_P011052,E2022_321,PAR-MAD,38,PLAYOFFS,E2022,P011052,1.0,1.0,PAR,41,"MADAR, YAM",15:15,6,3,4,0,2,0,0,0,1,1,2,2,0,0,0,1,2,9,-16
E2022_321_PAR,E2022_321,PAR-MAD,38,PLAYOFFS,E2022,PAR,0.0,1.0,PAR,TOTAL,PARTIZAN MOZZART BET BELGRADE,200:00,78,25,44,6,23,10,19,11,20,31,12,7,7,1,2,23,22,74,0
E2022_239_P009212,E2022_239,VIR-PAR,27,REGULAR SEASON,E2022,P009212,0.0,0.0,PAR,1,"VUKCEVIC, TRISTAN",DNP,0,0,0,0,0,0,0,0,0,0,0,0,0,0,0,0,0,0,0
E2022_239_P008987,E2022_239,VIR-PAR,27,REGULAR SEASON,E2022,P008987,1.0,1.0,PAR,2,"LEDAY, ZACH",35:40,8,4,9,0,1,0,1,3,5,8,2,4,2,0,1,3,4,13,7
E2022_239_P003983,E2022_239,VIR-PAR,27,REGULAR SEASON,E2022,P003983,0.0,1.0,PAR,4,"AVRAMOVIC, ALEKSA",03:42,0,0,0,0,2,0,0,0,0,0,1,1,1,0,0,1,0,-2,-4
E2022_239_P011051,E2022_239,VIR-PAR,27,REGULAR SEASON,E2022,P011051,1.0,1.0,PAR,9,"SMAILAGIC, ALEN",19:27,9,1,3,2,3,1,2,1,3,4,2,2,0,0,1,3,3,12,11
E2022_239_P005161,E2022_239,VIR-PAR,27,REGULAR SEASON,E2022,P005161,0.0,1.0,PAR,10,"PAPAPETROU, IOANNIS",06:29,3,0,1,1,1,0,0,0,0,0,0,1,1,0,0,0,0,2,-8
E2022_239_P003842,E2022_239,VIR-PAR,27,REGULAR SEASON,E2022,P003842,0.0,1.0,PAR,26,"LESSORT, MATHIAS",20:25,5,2,3,0,0,1,1,2,0,2,0,0,2,0,0,4,4,4,-4
E2022_239_P007673,E2022_239,VIR-PAR,27,REGULAR SEASON,E2022,P007673,0.0,1.0,PAR,32,"TRIFUNOVIC, UROS",05:29,0,0,1,0,0,0,0,0,0,0,0,0,0,0,0,1,0,-2,-1
E2022_239_P011052,E2022_239,VIR-PAR,27,REGULAR SEASON,E2022,P011052,1.0,1.0,PAR,41,"MADAR, YAM",17:14,11,3,4,1,4,2,2,1,0,1,1,0,1,0,0,3,1,6,6
E2022_239_PAR,E2022_239,VIR-PAR,27,REGULAR SEASON,E2022,PAR,0.0,1.0,PAR,TOTAL,PARTIZAN MOZZART BET BELGRADE,200:00,88,29,47,6,18,12,15,12,16,28,17,14,12,0,2,22,23,101,0
E2022_233_P009212,E2022_233,PAR-BER,26,REGULAR SEASON,E2022,P009212,0.0,1.0,PAR,1,"VUKCEVIC, TRISTAN",06:11,0,0,1,0,0,0,0,0,0,0,0,1,0,0,0,3,0,-3,2
E2022_233_P008987,E2022_233,PAR-BER,26,REGULAR SEASON,E2022,P008987,1.0,1.0,PAR,2,"LEDAY, ZACH",33:42,13,5,7,0,3,3,4,0,3,3,1,3,2,1,1,3,5,14,14
E2022_233_P003983,E2022_233,PAR-BER,26,REGULAR SEASON,E2022,P003983,0.0,1.0,PAR,4,"AVRAMOVIC, ALEKSA",18:21,19,2,5,5,7,0,0,0,0,0,2,0,1,0,0,2,1,14,7
E2022_233_P011051,E2022_233,PAR-BER,26,REGULAR SEASON,E2022,P011051,1.0,1.0,PAR,9,"SMAILAGIC, ALEN",10:43,6,0,0,2,4,0,0,0,1,1,1,0,0,0,0,5,0,1,5
E2022_233_P005161,E2022_233,PAR-BER,26,REGULAR SEASON,E2022,P005161,1.0,1.0,PAR,10,"PAPAPETROU, IOANNIS",11:15,5,1,2,1,1,0,0,0,0,0,0,0,0,0,1,0,1,4,-4
E2022_233_P003842,E2022_233,PAR-BER,26,REGULAR SEASON,E2022,P003842,0.0,1.0,PAR,26,"LESSORT, MATHIAS",26:33,10,2,4,0,0,6,10,3,3,6,2,2,2,1,0,3,8,18,6
E2022_233_P007673,E2022_233,PAR-BER,26,REGULAR SEASON,E2022,P007673,0.0,1.0,PAR,32,"TRIFUNOVIC, UROS",03:12,0,0,0,0,0,0,0,0,0,0,0,0,0,0,0,1,0,-1,-7
E2022_233_P011052,E2022_233,PAR-BER,26,REGULAR SEASON,E2022,P011052,1.0,1.0,PAR,41,"MADAR, YAM",21:37,7,2,4,0,0,3,4,0,2,2,5,0,0,0,0,2,4,13,12
E2022_233_PAR,E2022_233,PAR-BER,26,REGULAR SEASON,E2022,PAR,0.0,1.0,PAR,TOTAL,PARTIZAN MOZZART BET BELGRADE,200:00,88,17,31,12,25,18,24,4,22,26,18,10,15,3,2,24,24,95,0
E2022_103_P009212,E2022_103,PAR-RED,12,REGULAR SEASON,E2022,P009212,0.0,1.0,PAR,1,"VUKCEVIC, TRISTAN",13:24,2,1,2,0,0,0,0,2,4,6,3,0,1,1,0,1,0,9,3
E2022_103_P008987,E2022_103,PAR-RED,12,REGULAR SEASON,E2022,P008987,1.0,1.0,PAR,2,"LEDAY, ZACH",24:52,4,2,2,0,3,0,0,0,4,4,1,1,3,0,0,3,1,2,0
E2022_103_P011051,E2022_103,PAR-RED,12,REGULAR SEASON,E2022,P011051,0.0,1.0,PAR,9,"SMAILAGIC, ALEN",02:34,2,1,2,0,1,0,0,0,0,0,0,0,0,0,0,0,0,0,-3
E2022_103_P005161,E2022_103,PAR-RED,12,REGULAR SEASON,E2022,P005161,1.0,1.0,PAR,10,"PAPAPETROU, IOANNIS",28:54,13,5,7,1,3,0,0,2,4,6,2,1,0,0,1,3,1,15,13
E2022_103_P010458,E2022_103,PAR-RED,12,REGULAR SEASON,E2022,P010458,0.0,1.0,PAR,12,"BRODZIANSKY, VLADIMIR",01:44,0,0,0,0,0,0,0,0,0,0,0,0,1,0,0,2,0,-3,-6
E2022_103_P003842,E2022_103,PAR-RED,12,REGULAR SEASON,E2022,P003842,1.0,1.0,PAR,26,"LESSORT, MATHIAS",37:26,11,4,7,0,0,3,3,7,3,10,3,1,1,0,1,2,6,24,0
E2022_103_P007673,E2022_103,PAR-RED,12,REGULAR SEASON,E2022,P007673,0.0,1.0,PAR,32,"TRIFUNOVIC, UROS",03:26,2,1,2,0,0,0,0,1,0,1,0,0,1,0,0,1,1,1,-2
E2022_103_P011052,E2022_103,PAR-RED,12,REGULAR SEASON,E2022,P011052,1.0,1.0,PAR,41,"MADAR, YAM",24:50,14,4,6,1,6,3,3,0,4,4,3,2,3,0,1,2,3,13,5
E2022_103_PAR,E2022_103,PAR-RED,12,REGULAR SEASON,E2022,PAR,0.0,1.0,PAR,TOTAL,PARTIZAN MOZZART BET BELGRADE,200:00,73,25,40,5,27,8,8,17,22,39,13,8,16,1,3,20,18,76,0
E2022_017_P009212,E2022_017,BAS-PAR,2,REGULAR SEASON,E2022,P009212,0.0,1.0,PAR,1,"VUKCEVIC, TRISTAN",05:18,3,0,1,1,1,0,0,0,0,0,0,0,0,0,1,1,0,0,1
E2022_017_P008987,E2022_017,BAS-PAR,2,REGULAR SEASON,E2022,P008987,1.0,1.0,PAR,2,"LEDAY, ZACH",38:08,23,6,9,2,2,5,7,3,7,10,2,2,2,0,0,4,6,32,-6
E2022_017_P011050,E2022_017,BAS-PAR,2,REGULAR SEASON,E2022,P011050,0.0,1.0,PAR,5,"KOPRIVICA, BALSA",05:29,0,0,0,0,0,0,0,0,1,1,1,0,0,0,0,1,0,1,-5
E2022_017_P005161,E2022_017,BAS-PAR,2,REGULAR SEASON,E2022,P005161,1.0,1.0,PAR,10,"PAPAPETROU, IOANNIS",26:17,5,2,5,0,0,1,1,2,3,5,3,0,3,0,0,5,1,3,10
E2022_017_P011261,E2022_017,BAS-PAR,2,REGULAR SEASON,E2022,P011261,0.0,0.0,PAR,24,"GLAS, GREGOR",DNP,0,0,0,0,0,0,0,0,0,0,0,0,0,0,0,0,0,0,0
E2022_017_P003842,E2022_017,BAS-PAR,2,REGULAR SEASON,E2022,P003842,1.0,1.0,PAR,26,"LESSORT, MATHIAS",39:18,19,7,10,0,0,5,6,7,5,12,2,1,1,1,1,3,8,34,-4
E2022_017_P007673,E2022_017,BAS-PAR,2,REGULAR SEASON,E2022,P007673,0.0,1.0,PAR,32,"TRIFUNOVIC, UROS",03:40,0,0,0,0,0,0,0,0,0,0,2,0,0,0,0,0,0,2,-4
E2022_017_P011052,E2022_017,BAS-PAR,2,REGULAR SEASON,E2022,P011052,0.0,1.0,PAR,41,"MADAR, YAM",11:21,3,0,2,1,2,0,0,0,0,0,1,1,2,0,0,2,0,-2,-9
E2022_017_PAR,E2022_017,BAS-PAR,2,REGULAR SEASON,E2022,PAR,0.0,1.0,PAR,TOTAL,PARTIZAN MOZZART BET BELGRADE,225:00,96,24,48,7,19,27,31,15,22,37,19,5,13,1,3,26,28,104,0
E2022_211_P009212,E2022_211,MUN-PAR,24,REGULAR SEASON,E2022,P009212,0.0,1.0,PAR,1,"VUKCEVIC, TRISTAN",01:26,0,0,0,0,0,0,0,0,0,0,0,1,1,0,0,2,0,-2,-3
E2022_211_P008987,E2022_211,MUN-PAR,24,REGULAR SEASON,E2022,P008987,1.0,1.0,PAR,2,"LEDAY, ZACH",19:21,2,1,4,0,0,0,0,2,1,3,1,0,0,1,2,2,2,2,4
E2022_211_P003983,E2022_211,MUN-PAR,24,REGULAR SEASON,E2022,P003983,0.0,1.0,PAR,4,"AVRAMOVIC, ALEKSA",15:39,4,2,2,0,1,0,0,0,4,4,2,0,1,0,0,4,0,4,8
E2022_211_P011051,E2022_211,MUN-PAR,24,REGULAR SEASON,E2022,P011051,0.0,1.0,PAR,9,"SMAILAGIC, ALEN",10:46,2,1,3,0,1,0,0,0,3,3,0,0,0,1,0,2,1,2,12
E2022_211_P003842,E2022_211,MUN-PAR,24,REGULAR SEASON,E2022,P003842,1.0,1.0,PAR,26,"LESSORT, MATHIAS",31:59,16,5,9,0,0,6,9,2,5,7,0,0,2,0,2,2,7,17,6
E2022_211_P007673,E2022_211,MUN-PAR,24,REGULAR SEASON,E2022,P007673,0.0,1.0,PAR,32,"TRIFUNOVIC, UROS",13:22,2,1,2,0,1,0,0,0,0,0,0,0,0,0,0,0,0,0,-6
E2022_211_P011052,E2022_211,MUN-PAR,24,REGULAR SEASON,E2022,P011052,1.0,1.0,PAR,41,"MADAR, YAM",15:12,4,2,5,0,1,0,0,0,3,3,2,2,0,1,1,0,1,8,5
E2022_211_PAR,E2022_211,MUN-PAR,24,REGULAR SEASON,E2022,PAR,0.0,1.0,PAR,TOTAL,PARTIZAN MOZZART BET BELGRADE,200:00,82,24,41,4,14,22,27,7,28,35,13,3,8,3,5,20,22,93,0
E2022_056_P009212,E2022_056,OLY-PAR,7,REGULAR SEASON,E2022,P009212,0.0,1.0,PAR,1,"VUKCEVIC, TRISTAN",10:36,0,0,1,0,0,0,0,0,2,2,2,0,1,2,0,4,0,0,1
E2022_056_P008987,E2022_056,OLY-PAR,7,REGULAR SEASON,E2022,P008987,1.0,1.0,PAR,2,"LEDAY, ZACH",30:37,6,3,5,0,2,0,0,1,4,5,0,0,3,1,1,1,3,6,-32
E2022_056_P005161,E2022_056,OLY-PAR,7,REGULAR SEASON,E2022,P005161,0.0,1.0,PAR,10,"PAPAPETROU, IOANNIS",29:20,12,3,6,2,2,0,0,1,3,4,1,0,1,0,0,1,2,14,-12
E2022_056_P010307,E2022_056,OLY-PAR,7,REGULAR SEASON,E2022,P010307,0.0,1.0,PAR,13,"JOVANOVIC, DORDIJE",01:23,0,0,0,0,0,0,0,0,0,0,0,0,0,0,0,0,0,0,-1
E2022_056_P011261,E2022_056,OLY-PAR,7,REGULAR SEASON,E2022,P011261,0.0,1.0,PAR,24,"GLAS, GREGOR",07:54,0,0,0,0,1,0,0,0,0,0,1,0,4,0,0,2,0,-6,-9
E2022_056_P003842,E2022_056,OLY-PAR,7,REGULAR SEASON,E2022,P003842,1.0,1.0,PAR,26,"LESSORT, MATHIAS",35:25,10,5,7,0,0,0,0,1,5,6,1,1,1,0,0,1,5,19,-25
E2022_056_P011052,E2022_056,OLY-PAR,7,REGULAR SEASON,E2022,P011052,1.0,1.0,PAR,41,"MADAR, YAM",14:53,2,1,5,0,3,0,0,1,0,1,2,1,2,0,0,2,0,-5,-17
E2022_056_PAR,E2022_056,OLY-PAR,7,REGULAR SEASON,E2022,PAR,0.0,1.0,PAR,TOTAL,PARTIZAN MOZZART BET BELGRADE,200:00,58,20,34,5,20,3,5,9,21,30,12,6,20,3,2,19,17,54,0
E2022_253_P009212,E2022_253,IST-PAR,29,REGULAR SEASON,E2022,P009212,0.0,0.0,PAR,1,"VUKCEVIC, TRISTAN",DNP,0,0,0,0,0,0,0,0,0,0,0,0,0,0,0,0,0,0,0
E2022_253_P008987,E2022_253,IST-PAR,29,REGULAR SEASON,E2022,P008987,1.0,1.0,PAR,2,"LEDAY, ZACH",29:01,16,4,6,0,1,8,8,0,3,3,1,1,2,0,0,2,6,20,4
E2022_253_P003983,E2022_253,IST-PAR,29,REGULAR SEASON,E2022,P003983,0.0,1.0,PAR,4,"AVRAMOVIC, ALEKSA",27:10,14,3,6,2,4,2,2,0,3,3,1,2,1,1,0,2,3,16,16
E2022_253_P011051,E2022_253,IST-PAR,29,REGULAR SEASON,E2022,P011051,1.0,1.0,PAR,9,"SMAILAGIC, ALEN",14:51,0,0,0,0,0,0,0,0,1,1,0,0,1,2,0,2,0,0,-2
E2022_253_P005161,E2022_253,IST-PAR,29,REGULAR SEASON,E2022,P005161,1.0,1.0,PAR,10,"PAPAPETROU, IOANNIS",08:39,2,1,1,0,1,0,0,0,1,1,0,0,0,0,0,2,0,0,-17
E2022_253_P003842,E2022_253,IST-PAR,29,REGULAR SEASON,E2022,P003842,0.0,1.0,PAR,26,"LESSORT, MATHIAS",35:55,17,5,7,0,0,7,7,4,3,7,1,2,3,0,1,2,4,23,22
E2022_253_P007673,E2022_253,IST-PAR,29,REGULAR SEASON,E2022,P007673,0.0,1.0,PAR,32,"TRIFUNOVIC, UROS",07:25,2,1,2,0,1,0,0,0,1,1,0,1,0,0,0,3,0,-1,-2
E2022_253_P011052,E2022_253,IST-PAR,29,REGULAR SEASON,E2022,P011052,1.0,1.0,PAR,41,"MADAR, YAM",05:21,2,1,1,0,1,0,0,0,0,0,0,1,0,0,0,0,1,3,-9
E2022_253_PAR,E2022_253,IST-PAR,29,REGULAR SEASON,E2022,PAR,0.0,1.0,PAR,TOTAL,PARTIZAN MOZZART BET BELGRADE,200:00,97,21,34,9,19,28,28,5,22,27,11,8,10,3,3,21,24,113,0
E2022_047_P009212,E2022_047,PAN-PAR,6,REGULAR SEASON,E2022,P009212,0.0,0.0,PAR,1,"VUKCEVIC, TRISTAN",DNP,0,0,0,0,0,0,0,0,0,0,0,0,0,0,0,0,0,0,0
E2022_047_P008987,E2022_047,PAN-PAR,6,REGULAR SEASON,E2022,P008987,1.0,1.0,PAR,2,"LEDAY, ZACH",36:48,13,5,12,0,2,3,6,5,5,10,2,0,3,1,2,3,7,13,5
E2022_047_P011050,E2022_047,PAN-PAR,6,REGULAR SEASON,E2022,P011050,0.0,1.0,PAR,5,"KOPRIVICA, BALSA",01:22,0,0,0,0,0,0,0,0,0,0,0,0,0,0,0,1,0,-1,3
E2022_047_P005161,E2022_047,PAN-PAR,6,REGULAR SEASON,E2022,P005161,1.0,1.0,PAR,10,"PAPAPETROU, IOANNIS",24:58,2,1,2,0,1,0,0,0,3,3,1,2,1,0,0,2,2,5,-7
E2022_047_P010307,E2022_047,PAN-PAR,6,REGULAR SEASON,E2022,P010307,0.0,0.0,PAR,13,"JOVANOVIC, DORDIJE",DNP,0,0,0,0,0,0,0,0,0,0,0,0,0,0,0,0,0,0,0
E2022_047_P011261,E2022_047,PAN-PAR,6,REGULAR SEASON,E2022,P011261,0.0,0.0,PAR,24,"GLAS, GREGOR",DNP,0,0,0,0,0,0,0,0,0,0,0,0,0,0,0,0,0,0,0
E2022_047_P003842,E2022_047,PAN-PAR,6,REGULAR SEASON,E2022,P003842,1.0,1.0,PAR,26,"LESSORT, MATHIAS",38:18,15,5,7,0,0,5,6,6,5,11,2,2,3,2,0,3,5,28,0
E2022_047_P007673,E2022_047,PAN-PAR,6,REGULAR SEASON,E2022,P007673,0.0,1.0,PAR,32,"TRIFUNOVIC, UROS",00:06,0,0,0,0,0,0,0,0,0,0,0,0,0,0,0,0,0,0,1
E2022_047_P011052,E2022_047,PAN-PAR,6,REGULAR SEASON,E2022,P011052,1.0,1.0,PAR,41,"MADAR, YAM",20:01,10,2,4,2,3,0,0,0,1,1,1,3,1,0,0,3,0,8,10
E2022_047_PAR,E2022_047,PAN-PAR,6,REGULAR SEASON,E2022,PAR,0.0,1.0,PAR,TOTAL,PARTIZAN MOZZART BET BELGRADE,200:00,91,23,40,9,19,18,24,13,22,35,13,9,15,3,3,22,23,101,0
E2022_317_P009212,E2022_317,PAR-MAD,37,PLAYOFFS,E2022,P009212,0.0,1.0,PAR,1,"VUKCEVIC, TRISTAN",06:51,2,1,1,0,1,0,0,0,1,1,0,0,0,0,0,1,0,1,4
E2022_317_P008987,E2022_317,PAR-MAD,37,PLAYOFFS,E2022,P008987,1.0,1.0,PAR,2,"LEDAY, ZACH",34:18,15,3,10,2,4,3,4,1,7,8,2,1,0,0,1,0,6,21,3
E2022_317_P003983,E2022_317,PAR-MAD,37,PLAYOFFS,E2022,P003983,0.0,1.0,PAR,4,"AVRAMOVIC, ALEKSA",10:29,0,0,2,0,1,0,0,0,1,1,1,1,2,0,0,3,0,-5,-8
E2022_317_P011050,E2022_317,PAR-MAD,37,PLAYOFFS,E2022,P011050,0.0,1.0,PAR,5,"KOPRIVICA, BALSA",01:07,0,0,0,0,0,0,0,0,0,0,0,0,0,1,0,0,0,1,-1
E2022_317_P011051,E2022_317,PAR-MAD,37,PLAYOFFS,E2022,P011051,1.0,1.0,PAR,9,"SMAILAGIC, ALEN",26:06,15,3,3,2,4,3,5,2,0,2,1,0,2,0,0,1,4,15,-8
E2022_317_P005161,E2022_317,PAR-MAD,37,PLAYOFFS,E2022,P005161,0.0,1.0,PAR,10,"PAPAPETROU, IOANNIS",22:06,4,0,2,1,2,1,2,0,2,2,2,0,0,0,1,2,1,2,-1
E2022_317_P007673,E2022_317,PAR-MAD,37,PLAYOFFS,E2022,P007673,0.0,1.0,PAR,32,"TRIFUNOVIC, UROS",07:42,2,1,2,0,1,0,0,3,0,3,0,1,0,0,0,0,0,4,-8
E2022_317_P011052,E2022_317,PAR-MAD,37,PLAYOFFS,E2022,P011052,1.0,1.0,PAR,41,"MADAR, YAM",21:20,12,4,4,0,3,4,4,2,4,6,3,1,1,0,0,5,2,15,10
E2022_317_PAR,E2022_317,PAR-MAD,37,PLAYOFFS,E2022,PAR,0.0,1.0,PAR,TOTAL,PARTIZAN MOZZART BET BELGRADE,200:00,80,18,37,10,29,14,18,10,24,34,13,5,7,1,3,17,21,85,0
E2022_219_P009212,E2022_219,PAR-ULK,25,REGULAR SEASON,E2022,P009212,0.0,0.0,PAR,1,"VUKCEVIC, TRISTAN",DNP,0,0,0,0,0,0,0,0,0,0,0,0,0,0,0,0,0,0,0
E2022_219_P008987,E2022_219,PAR-ULK,25,REGULAR SEASON,E2022,P008987,1.0,1.0,PAR,2,"LEDAY, ZACH",33:20,2,1,4,0,1,0,0,1,4,5,0,0,0,0,0,1,2,4,-4
E2022_219_P003983,E2022_219,PAR-ULK,25,REGULAR SEASON,E2022,P003983,0.0,1.0,PAR,4,"AVRAMOVIC, ALEKSA",07:08,2,1,2,0,1,0,0,0,1,1,1,0,1,0,0,1,0,0,-3
E2022_219_P011051,E2022_219,PAR-ULK,25,REGULAR SEASON,E2022,P011051,0.0,1.0,PAR,9,"SMAILAGIC, ALEN",09:50,9,3,4,1,1,0,0,5,1,6,0,0,1,0,0,0,1,14,-3
E2022_219_P005161,E2022_219,PAR-ULK,25,REGULAR SEASON,E2022,P005161,1.0,1.0,PAR,10,"PAPAPETROU, IOANNIS",25:13,7,3,5,0,2,1,1,0,1,1,1,0,1,0,0,1,2,5,-4
E2022_219_P003842,E2022_219,PAR-ULK,25,REGULAR SEASON,E2022,P003842,1.0,1.0,PAR,26,"LESSORT, MATHIAS",30:05,15,4,5,0,0,7,8,4,7,11,2,1,0,2,0,4,5,30,0
E2022_219_P007673,E2022_219,PAR-ULK,25,REGULAR SEASON,E2022,P007673,0.0,1.0,PAR,32,"TRIFUNOVIC, UROS",08:25,0,0,1,0,1,0,0,0,0,0,1,0,0,0,0,0,0,-1,-6
E2022_219_P011052,E2022_219,PAR-ULK,25,REGULAR SEASON,E2022,P011052,1.0,1.0,PAR,41,"MADAR, YAM",17:17,15,3,4,2,4,3,3,0,1,1,4,1,1,0,0,5,2,14,-7
E2022_219_PAR,E2022_219,PAR-ULK,25,REGULAR SEASON,E2022,PAR,0.0,1.0,PAR,TOTAL,PARTIZAN MOZZART BET BELGRADE,200:00,94,25,42,8,23,20,22,14,20,34,14,2,9,2,1,22,23,103,0
E2022_274_P009212,E2022_274,PAR-BAR,31,REGULAR SEASON,E2022,P009212,0.0,0.0,PAR,1,"VUKCEVIC, TRISTAN",DNP,0,0,0,0,0,0,0,0,0,0,0,0,0,0,0,0,0,0,0
E2022_274_P008987,E2022_274,PAR-BAR,31,REGULAR SEASON,E2022,P008987,1.0,1.0,PAR,2,"LEDAY, ZACH",34:40,10,4,8,0,1,2,2,1,4,5,0,2,0,0,0,2,2,12,-13
E2022_274_P003983,E2022_274,PAR-BAR,31,REGULAR SEASON,E2022,P003983,0.0,1.0,PAR,4,"AVRAMOVIC, ALEKSA",15:38,6,3,4,0,1,0,0,0,2,2,1,1,0,0,0,5,1,4,9
E2022_274_P011051,E2022_274,PAR-BAR,31,REGULAR SEASON,E2022,P011051,0.0,1.0,PAR,9,"SMAILAGIC, ALEN",11:45,6,1,2,1,4,1,2,2,0,2,0,1,1,0,0,2,2,3,-5
E2022_274_P005161,E2022_274,PAR-BAR,31,REGULAR SEASON,E2022,P005161,0.0,1.0,PAR,10,"PAPAPETROU, IOANNIS",20:50,2,1,4,0,0,0,0,0,0,0,1,0,0,0,0,2,2,0,4
E2022_274_P003842,E2022_274,PAR-BAR,31,REGULAR SEASON,E2022,P003842,1.0,1.0,PAR,26,"LESSORT, MATHIAS",30:04,5,2,3,0,0,1,2,3,3,6,0,0,0,0,0,3,2,8,-7
E2022_274_P007673,E2022_274,PAR-BAR,31,REGULAR SEASON,E2022,P007673,0.0,1.0,PAR,32,"TRIFUNOVIC, UROS",04:26,0,0,0,0,0,0,0,0,1,1,0,0,0,0,0,1,0,0,-2
E2022_274_P011052,E2022_274,PAR-BAR,31,REGULAR SEASON,E2022,P011052,1.0,1.0,PAR,41,"MADAR, YAM",13:52,6,3,6,0,0,0,0,1,1,2,0,0,0,1,1,1,2,6,-15
E2022_274_PAR,E2022_274,PAR-BAR,31,REGULAR SEASON,E2022,PAR,0.0,1.0,PAR,TOTAL,PARTIZAN MOZZART BET BELGRADE,200:00,80,24,47,6,19,14,17,9,15,24,5,6,3,2,2,22,23,74,0
E2022_007_P009212,E2022_007,BER-PAR,1,REGULAR SEASON,E2022,P009212,1.0,1.0,PAR,1,"VUKCEVIC, TRISTAN",05:18,0,0,0,0,1,0,0,0,1,1,2,1,0,0,0,1,0,2,-2
E2022_007_P008987,E2022_007,BER-PAR,1,REGULAR SEASON,E2022,P008987,0.0,1.0,PAR,2,"LEDAY, ZACH",29:19,13,4,7,1,1,2,2,0,1,1,1,1,1,0,0,2,1,11,-1
E2022_007_P011050,E2022_007,BER-PAR,1,REGULAR SEASON,E2022,P011050,1.0,1.0,PAR,5,"KOPRIVICA, BALSA",04:03,2,1,3,0,0,0,0,0,0,0,0,0,0,0,1,0,0,-1,-2
E2022_007_P005161,E2022_007,BER-PAR,1,REGULAR SEASON,E2022,P005161,0.0,1.0,PAR,10,"PAPAPETROU, IOANNIS",11:39,1,0,4,0,0,1,2,0,0,0,0,0,1,0,0,0,1,-4,-14
E2022_007_P010307,E2022_007,BER-PAR,1,REGULAR SEASON,E2022,P010307,0.0,0.0,PAR,13,"JOVANOVIC, DORDIJE",DNP,0,0,0,0,0,0,0,0,0,0,0,0,0,0,0,0,0,0,0
E2022_007_P003842,E2022_007,BER-PAR,1,REGULAR SEASON,E2022,P003842,0.0,1.0,PAR,26,"LESSORT, MATHIAS",25:06,9,4,6,0,0,1,2,3,3,6,0,0,0,3,0,4,3,14,-4
E2022_007_P007673,E2022_007,BER-PAR,1,REGULAR SEASON,E2022,P007673,1.0,1.0,PAR,32,"TRIFUNOVIC, UROS",07:05,3,0,0,1,1,0,0,1,0,1,1,0,0,0,0,0,0,5,-8
E2022_007_P011052,E2022_007,BER-PAR,1,REGULAR SEASON,E2022,P011052,0.0,1.0,PAR,41,"MADAR, YAM",01:47,0,0,1,0,0,0,0,0,0,0,0,0,1,0,0,0,0,-2,-6
E2022_007_PAR,E2022_007,BER-PAR,1,REGULAR SEASON,E2022,PAR,0.0,1.0,PAR,TOTAL,PARTIZAN MOZZART BET BELGRADE,200:00,84,24,45,7,17,15,20,7,17,24,14,8,8,4,1,16,21,94,0
E2022_024_P009212,E2022_024,PAR-MIL,3,REGULAR SEASON,E2022,P009212,0.0,0.0,PAR,1,"VUKCEVIC, TRISTAN",DNP,0,0,0,0,0,0,0,0,0,0,0,0,0,0,0,0,0,0,0
E2022_024_P008987,E2022_024,PAR-MIL,3,REGULAR SEASON,E2022,P008987,1.0,1.0,PAR,2,"LEDAY, ZACH",32:16,23,4,7,5,6,0,0,1,4,5,3,0,1,0,1,3,3,25,-3
E2022_024_P011050,E2022_024,PAR-MIL,3,REGULAR SEASON,E2022,P011050,0.0,0.0,PAR,5,"KOPRIVICA, BALSA",DNP,0,0,0,0,0,0,0,0,0,0,0,0,0,0,0,0,0,0,0
E2022_024_P005161,E2022_024,PAR-MIL,3,REGULAR SEASON,E2022,P005161,1.0,1.0,PAR,10,"PAPAPETROU, IOANNIS",23:43,5,2,3,0,2,1,2,0,3,3,0,0,0,2,0,2,1,5,0
E2022_024_P011261,E2022_024,PAR-MIL,3,REGULAR SEASON,E2022,P011261,0.0,0.0,PAR,24,"GLAS, GREGOR",DNP,0,0,0,0,0,0,0,0,0,0,0,0,0,0,0,0,0,0,0
E2022_024_P003842,E2022_024,PAR-MIL,3,REGULAR SEASON,E2022,P003842,1.0,1.0,PAR,26,"LESSORT, MATHIAS",38:31,12,6,10,0,0,0,0,7,3,10,0,3,1,3,0,3,4,24,-3
E2022_024_P007673,E2022_024,PAR-MIL,3,REGULAR SEASON,E2022,P007673,0.0,1.0,PAR,32,"TRIFUNOVIC, UROS",00:19,0,0,0,0,0,0,0,0,0,0,0,0,0,0,0,0,0,0,-3
E2022_024_P011052,E2022_024,PAR-MIL,3,REGULAR SEASON,E2022,P011052,0.0,1.0,PAR,41,"MADAR, YAM",22:12,10,2,5,2,3,0,0,0,0,0,4,2,0,0,0,2,1,11,-3
E2022_024_PAR,E2022_024,PAR-MIL,3,REGULAR SEASON,E2022,PAR,0.0,1.0,PAR,TOTAL,PARTIZAN MOZZART BET BELGRADE,200:00,75,17,39,11,21,8,9,11,24,35,14,6,15,5,2,17,17,85,0
E2022_125_P009212,E2022_125,PAR-IST,14,REGULAR SEASON,E2022,P009212,0.0,1.0,PAR,1,"VUKCEVIC, TRISTAN",07:09,0,0,1,0,1,0,0,0,0,0,0,0,0,0,0,2,0,-4,-7
E2022_125_P008987,E2022_125,PAR-IST,14,REGULAR SEASON,E2022,P008987,1.0,1.0,PAR,2,"LEDAY, ZACH",26:36,4,2,4,0,2,0,0,0,3,3,3,0,0,0,0,0,3,9,4
E2022_125_P003983,E2022_125,PAR-IST,14,REGULAR SEASON,E2022,P003983,0.0,0.0,PAR,4,"AVRAMOVIC, ALEKSA",DNP,0,0,0,0,0,0,0,0,0,0,0,0,0,0,0,0,0,0,0
E2022_125_P011051,E2022_125,PAR-IST,14,REGULAR SEASON,E2022,P011051,1.0,1.0,PAR,9,"SMAILAGIC, ALEN",07:20,7,2,2,1,2,0,0,0,3,3,0,1,1,0,0,3,0,6,0
E2022_125_P005161,E2022_125,PAR-IST,14,REGULAR SEASON,E2022,P005161,0.0,1.0,PAR,10,"PAPAPETROU, IOANNIS",15:32,2,1,4,0,0,0,0,1,2,3,0,1,1,0,0,3,0,-1,-2
E2022_125_P003842,E2022_125,PAR-IST,14,REGULAR SEASON,E2022,P003842,0.0,1.0,PAR,26,"LESSORT, MATHIAS",30:25,13,6,6,0,0,1,1,2,3,5,0,1,3,0,0,4,3,15,5
E2022_125_P007673,E2022_125,PAR-IST,14,REGULAR SEASON,E2022,P007673,1.0,1.0,PAR,32,"TRIFUNOVIC, UROS",09:42,2,1,1,0,2,0,0,1,1,2,0,0,0,0,0,0,1,3,4
E2022_125_P011052,E2022_125,PAR-IST,14,REGULAR SEASON,E2022,P011052,0.0,1.0,PAR,41,"MADAR, YAM",08:28,0,0,2,0,1,0,0,0,0,0,1,1,1,0,0,0,0,-2,-9
E2022_125_PAR,E2022_125,PAR-IST,14,REGULAR SEASON,E2022,PAR,0.0,1.0,PAR,TOTAL,PARTIZAN MOZZART BET BELGRADE,200:00,82,27,39,4,18,16,16,4,22,26,19,8,10,2,2,16,18,101,0
E2022_032_P009212,E2022_032,PAR-VIR,4,REGULAR SEASON,E2022,P009212,0.0,1.0,PAR,1,"VUKCEVIC, TRISTAN",14:42,8,2,4,1,3,1,1,0,2,2,0,0,0,0,0,2,1,5,12
E2022_032_P008987,E2022_032,PAR-VIR,4,REGULAR SEASON,E2022,P008987,1.0,1.0,PAR,2,"LEDAY, ZACH",25:18,4,2,3,0,1,0,0,1,8,9,1,0,1,0,0,3,1,9,16
E2022_032_P011050,E2022_032,PAR-VIR,4,REGULAR SEASON,E2022,P011050,0.0,1.0,PAR,5,"KOPRIVICA, BALSA",14:49,4,2,3,0,0,0,1,3,4,7,0,0,3,0,0,4,2,4,-9
E2022_032_P005161,E2022_032,PAR-VIR,4,REGULAR SEASON,E2022,P005161,1.0,1.0,PAR,10,"PAPAPETROU, IOANNIS",17:00,2,0,1,0,3,2,2,0,2,2,1,1,1,1,0,1,2,3,15
E2022_032_P011261,E2022_032,PAR-VIR,4,REGULAR SEASON,E2022,P011261,0.0,0.0,PAR,24,"GLAS, GREGOR",DNP,0,0,0,0,0,0,0,0,0,0,0,0,0,0,0,0,0,0,0
E2022_032_P003842,E2022_032,PAR-VIR,4,REGULAR SEASON,E2022,P003842,1.0,1.0,PAR,26,"LESSORT, MATHIAS",25:11,14,6,7,0,0,2,5,4,3,7,0,0,2,1,1,2,4,17,37
E2022_032_P007673,E2022_032,PAR-VIR,4,REGULAR SEASON,E2022,P007673,0.0,1.0,PAR,32,"TRIFUNOVIC, UROS",04:30,0,0,1,0,0,0,0,0,0,0,0,0,0,0,0,0,0,-1,4
E2022_032_P011052,E2022_032,PAR-VIR,4,REGULAR SEASON,E2022,P011052,1.0,1.0,PAR,41,"MADAR, YAM",23:14,11,4,4,1,4,0,0,0,1,1,2,1,1,0,0,2,2,11,23
E2022_032_PAR,E2022_032,PAR-VIR,4,REGULAR SEASON,E2022,PAR,0.0,1.0,PAR,TOTAL,PARTIZAN MOZZART BET BELGRADE,200:00,90,24,35,11,30,9,15,10,30,40,14,4,13,2,2,24,21,96,0
E2022_246_P009212,E2022_246,MIL-PAR,28,REGULAR SEASON,E2022,P009212,1.0,1.0,PAR,1,"VUKCEVIC, TRISTAN",03:03,0,0,0,0,0,0,0,0,1,1,0,0,0,0,0,2,0,-1,0
E2022_246_P008987,E2022_246,MIL-PAR,28,REGULAR SEASON,E2022,P008987,0.0,1.0,PAR,2,"LEDAY, ZACH",32:10,7,3,5,0,2,1,1,0,4,4,1,0,2,0,0,2,3,7,-9
E2022_246_P003983,E2022_246,MIL-PAR,28,REGULAR SEASON,E2022,P003983,1.0,1.0,PAR,4,"AVRAMOVIC, ALEKSA",11:05,4,2,4,0,1,0,0,0,2,2,0,0,1,1,0,1,0,2,2
E2022_246_P011051,E2022_246,MIL-PAR,28,REGULAR SEASON,E2022,P011051,0.0,1.0,PAR,9,"SMAILAGIC, ALEN",08:29,2,0,0,0,0,2,2,1,0,1,0,0,0,0,0,2,3,4,-15
E2022_246_P005161,E2022_246,MIL-PAR,28,REGULAR SEASON,E2022,P005161,0.0,1.0,PAR,10,"PAPAPETROU, IOANNIS",13:41,3,1,2,0,2,1,2,0,0,0,0,2,0,0,0,1,1,1,-19
E2022_246_P003842,E2022_246,MIL-PAR,28,REGULAR SEASON,E2022,P003842,1.0,1.0,PAR,26,"LESSORT, MATHIAS",28:43,11,4,4,0,0,3,6,3,3,6,0,0,2,0,0,1,6,17,0
E2022_246_P007673,E2022_246,MIL-PAR,28,REGULAR SEASON,E2022,P007673,0.0,1.0,PAR,32,"TRIFUNOVIC, UROS",12:24,0,0,1,0,0,0,0,0,0,0,0,0,0,0,0,1,0,-2,-13
E2022_246_P011052,E2022_246,MIL-PAR,28,REGULAR SEASON,E2022,P011052,0.0,1.0,PAR,41,"MADAR, YAM",14:02,0,0,2,0,0,0,0,0,1,1,1,0,0,0,0,2,0,-2,-16
E2022_246_PAR,E2022_246,MIL-PAR,28,REGULAR SEASON,E2022,PAR,0.0,1.0,PAR,TOTAL,PARTIZAN MOZZART BET BELGRADE,200:00,62,16,31,4,16,18,22,6,22,28,8,5,18,2,2,19,24,59,0
E2022_038_P009212,E2022_038,PAR-ZAL,5,REGULAR SEASON,E2022,P009212,0.0,1.0,PAR,1,"VUKCEVIC, TRISTAN",06:13,0,0,0,0,1,0,0,0,1,1,0,1,2,0,0,2,0,-3,5
E2022_038_P008987,E2022_038,PAR-ZAL,5,REGULAR SEASON,E2022,P008987,1.0,1.0,PAR,2,"LEDAY, ZACH",32:38,10,5,8,0,4,0,0,2,4,6,4,0,0,0,1,3,5,14,11
E2022_038_P011050,E2022_038,PAR-ZAL,5,REGULAR SEASON,E2022,P011050,0.0,1.0,PAR,5,"KOPRIVICA, BALSA",00:45,0,0,0,0,0,0,0,0,0,0,0,0,0,0,0,0,0,0,-1
E2022_038_P005161,E2022_038,PAR-ZAL,5,REGULAR SEASON,E2022,P005161,1.0,1.0,PAR,10,"PAPAPETROU, IOANNIS",17:01,4,1,3,0,1,2,2,0,3,3,0,0,1,0,0,2,1,2,10
E2022_038_P011261,E2022_038,PAR-ZAL,5,REGULAR SEASON,E2022,P011261,0.0,0.0,PAR,24,"GLAS, GREGOR",DNP,0,0,0,0,0,0,0,0,0,0,0,0,0,0,0,0,0,0,0
E2022_038_P003842,E2022_038,PAR-ZAL,5,REGULAR SEASON,E2022,P003842,1.0,1.0,PAR,26,"LESSORT, MATHIAS",37:21,10,3,9,0,0,4,4,5,3,8,3,1,0,3,3,1,4,19,7
E2022_038_P007673,E2022_038,PAR-ZAL,5,REGULAR SEASON,E2022,P007673,0.0,1.0,PAR,32,"TRIFUNOVIC, UROS",08:17,3,0,0,1,1,0,0,0,0,0,0,0,2,0,0,2,1,0,-14
E2022_038_P011052,E2022_038,PAR-ZAL,5,REGULAR SEASON,E2022,P011052,1.0,1.0,PAR,41,"MADAR, YAM",22:33,5,0,0,1,3,2,2,0,0,0,1,1,1,0,0,0,2,6,11
E2022_038_PAR,E2022_038,PAR-ZAL,5,REGULAR SEASON,E2022,PAR,0.0,1.0,PAR,TOTAL,PARTIZAN MOZZART BET BELGRADE,200:00,87,18,35,9,20,24,27,9,18,27,14,8,13,4,5,21,29,99,0
E2022_149_P009212,E2022_149,PAR-MCO,17,REGULAR SEASON,E2022,P009212,0.0,1.0,PAR,1,"VUKCEVIC, TRISTAN",02:32,0,0,0,0,1,0,0,0,1,1,0,0,0,0,0,0,0,0,-1
E2022_149_P008987,E2022_149,PAR-MCO,17,REGULAR SEASON,E2022,P008987,1.0,1.0,PAR,2,"LEDAY, ZACH",33:05,10,3,6,1,4,1,1,0,5,5,1,1,1,1,0,3,4,12,21
E2022_149_P003983,E2022_149,PAR-MCO,17,REGULAR SEASON,E2022,P003983,0.0,1.0,PAR,4,"AVRAMOVIC, ALEKSA",03:06,0,0,0,0,1,0,0,0,0,0,0,0,0,0,0,0,0,-1,-2
E2022_149_P011051,E2022_149,PAR-MCO,17,REGULAR SEASON,E2022,P011051,1.0,1.0,PAR,9,"SMAILAGIC, ALEN",10:51,3,1,1,0,0,1,2,0,2,2,0,2,0,0,0,1,1,6,3
E2022_149_P005161,E2022_149,PAR-MCO,17,REGULAR SEASON,E2022,P005161,1.0,1.0,PAR,10,"PAPAPETROU, IOANNIS",36:25,9,0,0,3,5,0,0,0,4,4,3,0,1,0,0,2,1,12,23
E2022_149_P003842,E2022_149,PAR-MCO,17,REGULAR SEASON,E2022,P003842,0.0,1.0,PAR,26,"LESSORT, MATHIAS",29:03,21,8,10,0,0,5,6,1,7,8,1,0,1,0,0,3,4,27,17
E2022_149_P007673,E2022_149,PAR-MCO,17,REGULAR SEASON,E2022,P007673,0.0,1.0,PAR,32,"TRIFUNOVIC, UROS",01:10,0,0,0,0,0,0,0,0,0,0,0,0,0,0,0,0,0,0,-2
E2022_149_P011052,E2022_149,PAR-MCO,17,REGULAR SEASON,E2022,P011052,1.0,1.0,PAR,41,"MADAR, YAM",21:18,15,2,2,3,4,2,2,0,1,1,3,0,4,2,0,1,3,18,10
E2022_149_PAR,E2022_149,PAR-MCO,17,REGULAR SEASON,E2022,PAR,0.0,1.0,PAR,TOTAL,PARTIZAN MOZZART BET BELGRADE,200:00,100,18,27,15,25,19,22,3,23,26,16,4,13,4,0,18,23,120,0
E2022_149_P000956,E2022_149,PAR-MCO,17,REGULAR SEASON,E2022,P000956,0.0,1.0,PAR,33,"ANDUSIC, DANILO",16:04,12,0,1,4,4,0,0,0,1,1,2,0,1,0,0,1,2,14,9
E2022_038_P000956,E2022_038,PAR-ZAL,5,REGULAR SEASON,E2022,P000956,0.0,1.0,PAR,33,"ANDUSIC, DANILO",10:31,8,0,1,2,2,2,2,0,0,0,1,0,2,0,1,2,2,5,10
E2022_246_P000956,E2022_246,MIL-PAR,28,REGULAR SEASON,E2022,P000956,0.0,0.0,PAR,33,"ANDUSIC, DANILO",DNP,0,0,0,0,0,0,0,0,0,0,0,0,0,0,0,0,0,0,0
E2022_032_P000956,E2022_032,PAR-VIR,4,REGULAR SEASON,E2022,P000956,0.0,1.0,PAR,33,"ANDUSIC, DANILO",14:07,14,1,1,3,4,3,4,0,2,2,1,0,1,0,0,3,3,14,9
E2022_125_P000956,E2022_125,PAR-IST,14,REGULAR SEASON,E2022,P000956,0.0,0.0,PAR,33,"ANDUSIC, DANILO",DNP,0,0,0,0,0,0,0,0,0,0,0,0,0,0,0,0,0,0,0
E2022_024_P000956,E2022_024,PAR-MIL,3,REGULAR SEASON,E2022,P000956,0.0,1.0,PAR,33,"ANDUSIC, DANILO",14:05,9,0,1,2,3,3,3,0,1,1,2,0,4,0,0,0,1,7,-5
E2022_007_P000956,E2022_007,BER-PAR,1,REGULAR SEASON,E2022,P000956,0.0,1.0,PAR,33,"ANDUSIC, DANILO",26:58,14,3,3,2,3,2,4,1,0,1,2,2,1,1,0,3,5,18,-6
E2022_274_P000956,E2022_274,PAR-BAR,31,REGULAR SEASON,E2022,P000956,0.0,0.0,PAR,33,"ANDUSIC, DANILO",DNP,0,0,0,0,0,0,0,0,0,0,0,0,0,0,0,0,0,0,0
E2022_219_P000956,E2022_219,PAR-ULK,25,REGULAR SEASON,E2022,P000956,0.0,0.0,PAR,33,"ANDUSIC, DANILO",DNP,0,0,0,0,0,0,0,0,0,0,0,0,0,0,0,0,0,0,0
E2022_317_P000956,E2022_317,PAR-MAD,37,PLAYOFFS,E2022,P000956,1.0,1.0,PAR,33,"ANDUSIC, DANILO",16:50,6,0,1,2,6,0,0,0,1,1,0,0,0,0,0,2,0,0,5
E2022_047_P000956,E2022_047,PAN-PAR,6,REGULAR SEASON,E2022,P000956,0.0,1.0,PAR,33,"ANDUSIC, DANILO",18:49,10,1,1,1,3,5,5,0,1,1,1,0,1,0,0,4,2,7,6
E2022_253_P000956,E2022_253,IST-PAR,29,REGULAR SEASON,E2022,P000956,0.0,0.0,PAR,33,"ANDUSIC, DANILO",DNP,0,0,0,0,0,0,0,0,0,0,0,0,0,0,0,0,0,0,0
E2022_211_P000956,E2022_211,MUN-PAR,24,REGULAR SEASON,E2022,P000956,0.0,1.0,PAR,33,"ANDUSIC, DANILO",14:17,7,2,2,0,1,3,4,0,3,3,1,0,1,0,0,3,1,6,11
E2022_017_P000956,E2022_017,BAS-PAR,2,REGULAR SEASON,E2022,P000956,0.0,1.0,PAR,33,"ANDUSIC, DANILO",07:41,0,0,0,0,1,0,0,0,0,0,1,0,1,0,0,0,0,-1,-7
E2022_103_P000956,E2022_103,PAR-RED,12,REGULAR SEASON,E2022,P000956,0.0,1.0,PAR,33,"ANDUSIC, DANILO",10:34,5,1,1,1,5,0,0,0,0,0,1,0,2,0,0,2,2,0,-1
E2022_233_P000956,E2022_233,PAR-BER,26,REGULAR SEASON,E2022,P000956,0.0,1.0,PAR,33,"ANDUSIC, DANILO",13:27,6,0,0,2,3,0,0,0,3,3,0,0,1,0,0,0,1,8,19
E2022_239_P000956,E2022_239,VIR-PAR,27,REGULAR SEASON,E2022,P000956,0.0,1.0,PAR,33,"ANDUSIC, DANILO",04:55,0,0,1,0,0,0,0,0,0,0,1,0,1,0,0,1,0,-2,-10
E2022_321_P000956,E2022_321,PAR-MAD,38,PLAYOFFS,E2022,P000956,0.0,1.0,PAR,33,"ANDUSIC, DANILO",18:40,7,2,3,1,3,0,1,0,2,2,3,1,1,0,0,3,2,7,16
E2022_139_P000956,E2022_139,PAR-MUN,16,REGULAR SEASON,E2022,P000956,0.0,0.0,PAR,33,"ANDUSIC, DANILO",DNP,0,0,0,0,0,0,0,0,0,0,0,0,0,0,0,0,0,0,0
E2022_305_P000956,E2022_305,PAR-PAN,34,REGULAR SEASON,E2022,P000956,1.0,1.0,PAR,33,"ANDUSIC, DANILO",04:50,2,1,1,0,1,0,0,0,1,1,1,0,2,0,0,0,0,1,-1
E2022_313_P000956,E2022_313,MAD-PAR,36,PLAYOFFS,E2022,P000956,0.0,1.0,PAR,33,"ANDUSIC, DANILO",,0,0,0,0,0,0,0,0,0,0,0,0,0,0,0,1,0,-1,0
E2022_095_P000956,E2022_095,PAR-PAM,11,REGULAR SEASON,E2022,P000956,0.0,1.0,PAR,33,"ANDUSIC, DANILO",06:16,2,1,1,0,1,0,0,0,0,0,0,0,0,0,0,1,0,0,-7
E2022_193_P000956,E2022_193,PAR-ASV,22,REGULAR SEASON,E2022,P000956,0.0,1.0,PAR,33,"ANDUSIC, DANILO",12:13,4,1,2,0,2,2,2,0,1,1,1,0,1,0,0,0,1,3,-6
E2022_072_P000956,E2022_072,PAR-TEL,8,REGULAR SEASON,E2022,P000956,0.0,1.0,PAR,33,"ANDUSIC, DANILO",12:07,2,0,1,0,2,2,2,0,0,0,0,0,0,0,0,1,2,0,-4
E2022_110_P000956,E2022_110,ASV-PAR,13,REGULAR SEASON,E2022,P000956,1.0,1.0,PAR,33,"ANDUSIC, DANILO",09:56,6,3,6,0,2,0,0,0,0,0,0,0,0,0,0,1,0,0,-1
E2022_186_P000956,E2022_186,RED-PAR,21,REGULAR SEASON,E2022,P000956,0.0,1.0,PAR,33,"ANDUSIC, DANILO",08:02,2,0,1,0,2,2,2,0,0,0,1,2,0,0,0,1,1,2,1
E2022_294_P000956,E2022_294,MCO-PAR,33,REGULAR SEASON,E2022,P000956,0.0,0.0,PAR,33,"ANDUSIC, DANILO",DNP,0,0,0,0,0,0,0,0,0,0,0,0,0,0,0,0,0,0,0
E2022_309_P000956,E2022_309,MAD-PAR,35,PLAYOFFS,E2022,P000956,0.0,0.0,PAR,33,"ANDUSIC, DANILO",DNP,0,0,0,0,0,0,0,0,0,0,0,0,0,0,0,0,0,0,0
E2022_176_P000956,E2022_176,PAM-PAR,20,REGULAR SEASON,E2022,P000956,0.0,1.0,PAR,33,"ANDUSIC, DANILO",16:35,6,2,2,0,2,2,2,1,0,1,0,1,1,0,0,3,4,6,2
E2022_161_P000956,E2022_161,TEL-PAR,18,REGULAR SEASON,E2022,P000956,0.0,1.0,PAR,33,"ANDUSIC, DANILO",09:55,0,0,2,0,3,0,0,0,0,0,2,1,3,0,1,4,0,-10,1
E2022_171_P000956,E2022_171,PAR-BAS,19,REGULAR SEASON,E2022,P000956,0.0,1.0,PAR,33,"ANDUSIC, DANILO",08:21,3,0,2,1,2,0,0,0,0,0,0,0,2,0,0,1,0,-3,5
E2022_085_P000956,E2022_085,MAD-PAR,10,REGULAR SEASON,E2022,P000956,1.0,1.0,PAR,33,"ANDUSIC, DANILO",30:01,13,1,3,3,4,2,2,0,0,0,4,0,3,0,0,3,1,9,3
E2022_204_P000956,E2022_204,ZAL-PAR,23,REGULAR SEASON,E2022,P000956,0.0,0.0,PAR,33,"ANDUSIC, DANILO",DNP,0,0,0,0,0,0,0,0,0,0,0,0,0,0,0,0,0,0,0
E2022_078_P000956,E2022_078,BAR-PAR,9,REGULAR SEASON,E2022,P000956,0.0,1.0,PAR,33,"ANDUSIC, DANILO",17:40,23,3,3,3,5,8,9,1,1,2,2,0,3,1,0,0,6,28,0
E2022_269_P000956,E2022_269,PAR-OLY,30,REGULAR SEASON,E2022,P000956,0.0,0.0,PAR,33,"ANDUSIC, DANILO",DNP,0,0,0,0,0,0,0,0,0,0,0,0,0,0,0,0,0,0,0
E2022_127_P000956,E2022_127,ULK-PAR,15,REGULAR SEASON,E2022,P000956,0.0,1.0,PAR,33,"ANDUSIC, DANILO",10:34,4,0,1,1,2,1,1,0,2,2,2,0,0,0,0,2,0,4,1
E2022_288_P000956,E2022_288,PAR-MAD,32,REGULAR SEASON,E2022,P000956,0.0,1.0,PAR,33,"ANDUSIC, DANILO",07:07,5,0,1,0,0,5,6,0,3,3,2,0,1,0,0,0,2,9,2
E2022_325_P000956,E2022_325,MAD-PAR,39,PLAYOFFS,E2022,P000956,0.0,0.0,PAR,33,"ANDUSIC, DANILO",DNP,0,0,0,0,0,0,0,0,0,0,0,0,0,0,0,0,0,0,0
E2022_149_P007400,E2022_149,PAR-MCO,17,REGULAR SEASON,E2022,P007400,0.0,1.0,PAR,21,"NUNNALLY, JAMES WILLIAM",06:13,0,0,0,0,1,0,0,0,0,0,0,0,1,0,0,1,0,-3,-7
E2022_038_P007400,E2022_038,PAR-ZAL,5,REGULAR SEASON,E2022,P007400,1.0,1.0,PAR,21,"NUNNALLY, JAMES WILLIAM",24:59,10,1,2,2,4,2,3,0,1,1,2,1,1,1,0,2,3,11,-1
E2022_246_P007400,E2022_246,MIL-PAR,28,REGULAR SEASON,E2022,P007400,1.0,1.0,PAR,21,"NUNNALLY, JAMES WILLIAM",30:40,10,1,3,2,4,2,2,0,3,3,0,2,4,1,0,0,1,9,-1
E2022_032_P007400,E2022_032,PAR-VIR,4,REGULAR SEASON,E2022,P007400,1.0,1.0,PAR,21,"NUNNALLY, JAMES WILLIAM",21:05,20,4,5,4,6,0,0,0,4,4,4,1,1,0,0,2,1,24,23
E2022_125_P007400,E2022_125,PAR-IST,14,REGULAR SEASON,E2022,P007400,1.0,1.0,PAR,21,"NUNNALLY, JAMES WILLIAM",32:58,18,5,6,2,6,2,2,0,4,4,7,1,2,1,0,2,1,23,10
E2022_024_P007400,E2022_024,PAR-MIL,3,REGULAR SEASON,E2022,P007400,0.0,1.0,PAR,21,"NUNNALLY, JAMES WILLIAM",18:17,2,1,3,0,1,0,0,0,3,3,2,1,2,0,0,2,2,3,-5
E2022_007_P007400,E2022_007,BER-PAR,1,REGULAR SEASON,E2022,P007400,0.0,1.0,PAR,21,"NUNNALLY, JAMES WILLIAM",23:33,7,2,3,1,3,0,1,0,2,2,1,1,1,0,0,2,1,5,-19
E2022_274_P007400,E2022_274,PAR-BAR,31,REGULAR SEASON,E2022,P007400,1.0,1.0,PAR,21,"NUNNALLY, JAMES WILLIAM",14:14,5,1,3,1,2,0,0,0,0,0,1,2,1,0,0,1,1,4,-11
E2022_219_P007400,E2022_219,PAR-ULK,25,REGULAR SEASON,E2022,P007400,0.0,1.0,PAR,21,"NUNNALLY, JAMES WILLIAM",18:07,2,1,2,0,2,0,0,0,1,1,0,0,1,0,0,1,0,-2,-2
E2022_317_P007400,E2022_317,PAR-MAD,37,PLAYOFFS,E2022,P007400,1.0,1.0,PAR,21,"NUNNALLY, JAMES WILLIAM",26:45,13,2,6,3,5,0,0,2,4,6,3,1,0,0,1,2,2,16,6
E2022_253_P007400,E2022_253,IST-PAR,29,REGULAR SEASON,E2022,P007400,0.0,1.0,PAR,21,"NUNNALLY, JAMES WILLIAM",27:14,16,1,3,4,6,2,2,0,4,4,1,0,1,0,0,2,2,16,24
E2022_056_P007400,E2022_056,OLY-PAR,7,REGULAR SEASON,E2022,P007400,1.0,1.0,PAR,21,"NUNNALLY, JAMES WILLIAM",36:26,14,3,4,2,5,2,3,3,3,6,3,0,4,0,1,4,3,12,-24
E2022_211_P007400,E2022_211,MUN-PAR,24,REGULAR SEASON,E2022,P007400,1.0,1.0,PAR,21,"NUNNALLY, JAMES WILLIAM",27:52,15,3,3,2,3,3,3,1,2,3,1,0,1,0,0,1,2,18,10
E2022_017_P007400,E2022_017,BAS-PAR,2,REGULAR SEASON,E2022,P007400,1.0,1.0,PAR,21,"NUNNALLY, JAMES WILLIAM",25:14,13,4,6,0,5,5,6,0,0,0,1,0,2,0,1,1,4,6,-10
E2022_103_P007400,E2022_103,PAR-RED,12,REGULAR SEASON,E2022,P007400,0.0,1.0,PAR,21,"NUNNALLY, JAMES WILLIAM",07:40,0,0,0,0,1,0,0,0,0,0,0,0,0,0,0,0,0,-1,-14
E2022_233_P007400,E2022_233,PAR-BER,26,REGULAR SEASON,E2022,P007400,0.0,1.0,PAR,21,"NUNNALLY, JAMES WILLIAM",04:08,0,0,0,0,1,0,0,0,1,1,0,0,2,0,0,0,0,-2,-4
E2022_239_P007400,E2022_239,VIR-PAR,27,REGULAR SEASON,E2022,P007400,1.0,1.0,PAR,21,"NUNNALLY, JAMES WILLIAM",27:40,18,7,8,1,2,1,2,0,1,1,2,0,1,0,0,1,1,17,16
E2022_321_P007400,E2022_321,PAR-MAD,38,PLAYOFFS,E2022,P007400,1.0,1.0,PAR,21,"NUNNALLY, JAMES WILLIAM",21:37,2,1,7,0,3,0,0,3,1,4,1,1,2,0,1,1,1,-4,-21
E2022_139_P007400,E2022_139,PAR-MUN,16,REGULAR SEASON,E2022,P007400,1.0,1.0,PAR,21,"NUNNALLY, JAMES WILLIAM",21:42,5,1,4,1,4,0,0,1,3,4,2,0,1,1,0,3,2,4,2
E2022_305_P007400,E2022_305,PAR-PAN,34,REGULAR SEASON,E2022,P007400,0.0,1.0,PAR,21,"NUNNALLY, JAMES WILLIAM",17:31,5,1,2,1,3,0,0,1,1,2,1,0,0,0,0,2,0,3,-4
E2022_313_P007400,E2022_313,MAD-PAR,36,PLAYOFFS,E2022,P007400,0.0,1.0,PAR,21,"NUNNALLY, JAMES WILLIAM",28:36,16,0,1,2,3,10,10,0,3,3,1,2,2,0,0,4,5,19,15
E2022_095_P007400,E2022_095,PAR-PAM,11,REGULAR SEASON,E2022,P007400,1.0,1.0,PAR,21,"NUNNALLY, JAMES WILLIAM",37:59,15,4,5,2,9,1,1,0,3,3,3,1,2,2,0,1,2,15,6
E2022_193_P007400,E2022_193,PAR-ASV,22,REGULAR SEASON,E2022,P007400,0.0,1.0,PAR,21,"NUNNALLY, JAMES WILLIAM",21:42,10,2,4,2,4,0,0,0,1,1,0,1,0,0,0,2,0,6,12
E2022_072_P007400,E2022_072,PAR-TEL,8,REGULAR SEASON,E2022,P007400,1.0,1.0,PAR,21,"NUNNALLY, JAMES WILLIAM",22:23,6,0,3,2,2,0,0,1,0,1,0,0,0,0,1,0,0,3,8
E2022_110_P007400,E2022_110,ASV-PAR,13,REGULAR SEASON,E2022,P007400,0.0,1.0,PAR,21,"NUNNALLY, JAMES WILLIAM",23:42,11,4,4,0,3,3,5,0,3,3,4,0,2,0,0,1,2,12,-3
E2022_186_P007400,E2022_186,RED-PAR,21,REGULAR SEASON,E2022,P007400,0.0,1.0,PAR,21,"NUNNALLY, JAMES WILLIAM",13:39,3,0,2,1,1,0,0,1,0,1,1,0,0,0,0,2,0,1,-2
E2022_294_P007400,E2022_294,MCO-PAR,33,REGULAR SEASON,E2022,P007400,0.0,1.0,PAR,21,"NUNNALLY, JAMES WILLIAM",26:26,12,2,3,1,3,5,5,0,0,0,1,0,1,0,0,1,2,10,10
E2022_309_P007400,E2022_309,MAD-PAR,35,PLAYOFFS,E2022,P007400,0.0,1.0,PAR,21,"NUNNALLY, JAMES WILLIAM",19:11,2,1,2,0,3,0,0,0,0,0,2,0,0,0,0,3,0,-3,-4
E2022_176_P007400,E2022_176,PAM-PAR,20,REGULAR SEASON,E2022,P007400,0.0,1.0,PAR,21,"NUNNALLY, JAMES WILLIAM",19:56,5,1,2,1,3,0,0,0,0,0,1,0,0,0,0,3,0,0,-4
E2022_161_P007400,E2022_161,TEL-PAR,18,REGULAR SEASON,E2022,P007400,1.0,1.0,PAR,21,"NUNNALLY, JAMES WILLIAM",05:40,2,1,1,0,1,0,0,0,0,0,0,0,0,0,0,0,0,1,-14
E2022_171_P007400,E2022_171,PAR-BAS,19,REGULAR SEASON,E2022,P007400,0.0,0.0,PAR,21,"NUNNALLY, JAMES WILLIAM",DNP,0,0,0,0,0,0,0,0,0,0,0,0,0,0,0,0,0,0,0
E2022_085_P007400,E2022_085,MAD-PAR,10,REGULAR SEASON,E2022,P007400,1.0,1.0,PAR,21,"NUNNALLY, JAMES WILLIAM",32:24,15,2,3,3,6,2,2,0,2,2,4,0,1,0,0,3,3,16,3
E2022_204_P007400,E2022_204,ZAL-PAR,23,REGULAR SEASON,E2022,P007400,0.0,1.0,PAR,21,"NUNNALLY, JAMES WILLIAM",16:50,10,1,1,2,2,2,2,0,0,0,2,2,1,0,0,2,2,13,10
E2022_078_P007400,E2022_078,BAR-PAR,9,REGULAR SEASON,E2022,P007400,1.0,1.0,PAR,21,"NUNNALLY, JAMES WILLIAM",21:04,10,2,2,1,4,3,3,0,1,1,1,1,1,1,0,2,1,9,-10
E2022_269_P007400,E2022_269,PAR-OLY,30,REGULAR SEASON,E2022,P007400,1.0,1.0,PAR,21,"NUNNALLY, JAMES WILLIAM",30:00,19,4,5,3,6,2,2,1,3,4,5,2,1,0,0,3,1,23,9
E2022_127_P007400,E2022_127,ULK-PAR,15,REGULAR SEASON,E2022,P007400,1.0,1.0,PAR,21,"NUNNALLY, JAMES WILLIAM",26:55,5,1,4,1,2,0,0,1,4,5,1,0,1,0,0,1,2,7,0
E2022_288_P007400,E2022_288,PAR-MAD,32,REGULAR SEASON,E2022,P007400,0.0,1.0,PAR,21,"NUNNALLY, JAMES WILLIAM",22:13,14,5,6,0,0,4,4,1,1,2,2,0,0,0,0,2,3,18,14
E2022_325_P007400,E2022_325,MAD-PAR,39,PLAYOFFS,E2022,P007400,0.0,1.0,PAR,21,"NUNNALLY, JAMES WILLIAM",24:25,9,0,1,2,2,3,3,0,2,2,5,0,1,0,0,1,3,16,7
E2022_149_P011302,E2022_149,PAR-MCO,17,REGULAR SEASON,E2022,P011302,0.0,1.0,PAR,11,"EXUM, DANTE LIMAN",15:48,11,2,2,0,0,7,8,0,0,0,2,0,1,1,0,2,5,15,12
E2022_038_P011302,E2022_038,PAR-ZAL,5,REGULAR SEASON,E2022,P011302,0.0,1.0,PAR,11,"EXUM, DANTE LIMAN",20:14,11,1,2,0,0,9,10,0,0,0,2,3,0,0,0,3,7,18,7
E2022_246_P011302,E2022_246,MIL-PAR,28,REGULAR SEASON,E2022,P011302,0.0,1.0,PAR,11,"EXUM, DANTE LIMAN",16:57,10,0,2,2,4,4,4,0,1,1,3,1,4,0,1,4,6,8,-2
E2022_032_P011302,E2022_032,PAR-VIR,4,REGULAR SEASON,E2022,P011302,0.0,1.0,PAR,11,"EXUM, DANTE LIMAN",16:46,3,0,1,1,3,0,0,0,2,2,2,0,1,0,0,2,2,3,5
E2022_125_P011302,E2022_125,PAR-IST,14,REGULAR SEASON,E2022,P011302,1.0,1.0,PAR,11,"EXUM, DANTE LIMAN",31:07,18,4,4,1,2,7,7,0,2,2,4,0,2,1,0,2,4,24,11
E2022_024_P011302,E2022_024,PAR-MIL,3,REGULAR SEASON,E2022,P011302,1.0,1.0,PAR,11,"EXUM, DANTE LIMAN",17:35,7,1,5,1,2,2,2,1,3,4,1,0,6,0,0,3,2,0,-2
E2022_007_P011302,E2022_007,BER-PAR,1,REGULAR SEASON,E2022,P011302,1.0,1.0,PAR,11,"EXUM, DANTE LIMAN",33:08,22,8,13,1,3,3,3,1,2,3,4,2,3,0,0,3,4,22,-9
E2022_274_P011302,E2022_274,PAR-BAR,31,REGULAR SEASON,E2022,P011302,0.0,1.0,PAR,11,"EXUM, DANTE LIMAN",27:37,24,4,6,3,5,7,8,1,0,1,0,0,1,0,0,2,8,25,4
E2022_219_P011302,E2022_219,PAR-ULK,25,REGULAR SEASON,E2022,P011302,0.0,1.0,PAR,11,"EXUM, DANTE LIMAN",21:43,17,4,8,2,5,3,4,2,2,4,3,0,3,0,0,4,4,13,8
E2022_317_P011302,E2022_317,PAR-MAD,37,PLAYOFFS,E2022,P011302,0.0,1.0,PAR,11,"EXUM, DANTE LIMAN",26:26,11,4,6,0,2,3,3,0,1,1,1,0,1,0,0,1,6,13,-12
E2022_047_P011302,E2022_047,PAN-PAR,6,REGULAR SEASON,E2022,P011302,0.0,1.0,PAR,11,"EXUM, DANTE LIMAN",23:50,12,5,5,0,2,2,3,0,2,2,2,1,2,0,0,3,3,12,-5
E2022_253_P011302,E2022_253,IST-PAR,29,REGULAR SEASON,E2022,P011302,0.0,1.0,PAR,11,"EXUM, DANTE LIMAN",16:27,9,2,3,0,0,5,5,0,2,2,6,0,0,0,0,3,5,18,18
E2022_211_P011302,E2022_211,MUN-PAR,24,REGULAR SEASON,E2022,P011302,0.0,1.0,PAR,11,"EXUM, DANTE LIMAN",23:10,11,2,3,1,4,4,5,2,2,4,5,0,2,0,0,2,5,16,8
E2022_017_P011302,E2022_017,BAS-PAR,2,REGULAR SEASON,E2022,P011302,1.0,1.0,PAR,11,"EXUM, DANTE LIMAN",29:34,4,1,4,0,1,2,2,0,3,3,4,0,1,0,0,5,3,4,7
E2022_103_P011302,E2022_103,PAR-RED,12,REGULAR SEASON,E2022,P011302,0.0,1.0,PAR,11,"EXUM, DANTE LIMAN",15:10,5,1,4,1,3,0,0,1,2,3,0,0,3,0,0,1,1,0,-8
E2022_233_P011302,E2022_233,PAR-BER,26,REGULAR SEASON,E2022,P011302,0.0,1.0,PAR,11,"EXUM, DANTE LIMAN",21:50,6,3,4,0,1,0,0,0,3,3,4,1,2,1,0,2,0,9,1
E2022_239_P011302,E2022_239,VIR-PAR,27,REGULAR SEASON,E2022,P011302,0.0,1.0,PAR,11,"EXUM, DANTE LIMAN",28:23,17,6,9,0,2,5,5,3,4,7,7,3,1,0,0,2,7,33,12
E2022_321_P011302,E2022_321,PAR-MAD,38,PLAYOFFS,E2022,P011302,0.0,1.0,PAR,11,"EXUM, DANTE LIMAN",23:29,6,1,5,1,6,1,1,0,0,0,3,1,0,1,0,4,2,0,6
E2022_139_P011302,E2022_139,PAR-MUN,16,REGULAR SEASON,E2022,P011302,0.0,1.0,PAR,11,"EXUM, DANTE LIMAN",17:41,19,6,9,1,5,4,7,0,0,0,3,0,2,1,1,2,6,14,-10
E2022_305_P011302,E2022_305,PAR-PAN,34,REGULAR SEASON,E2022,P011302,0.0,1.0,PAR,11,"EXUM, DANTE LIMAN",27:38,18,3,3,3,3,3,4,0,1,1,4,4,1,0,0,2,4,27,5
E2022_313_P011302,E2022_313,MAD-PAR,36,PLAYOFFS,E2022,P011302,0.0,1.0,PAR,11,"EXUM, DANTE LIMAN",25:49,19,3,5,2,7,7,8,1,1,2,2,1,3,0,0,5,5,13,1
E2022_095_P011302,E2022_095,PAR-PAM,11,REGULAR SEASON,E2022,P011302,0.0,1.0,PAR,11,"EXUM, DANTE LIMAN",22:30,9,2,3,1,2,2,2,1,1,2,6,0,1,1,0,4,1,12,-1
E2022_193_P011302,E2022_193,PAR-ASV,22,REGULAR SEASON,E2022,P011302,0.0,1.0,PAR,11,"EXUM, DANTE LIMAN",20:58,13,5,6,0,0,3,4,0,2,2,1,1,0,0,0,1,6,20,11
E2022_072_P011302,E2022_072,PAR-TEL,8,REGULAR SEASON,E2022,P011302,0.0,1.0,PAR,11,"EXUM, DANTE LIMAN",27:31,21,6,7,1,1,6,6,0,4,4,5,2,2,0,1,1,4,31,18
E2022_110_P011302,E2022_110,ASV-PAR,13,REGULAR SEASON,E2022,P011302,1.0,1.0,PAR,11,"EXUM, DANTE LIMAN",35:08,26,6,7,2,4,8,8,0,2,2,6,3,3,0,0,4,8,35,-9
E2022_186_P011302,E2022_186,RED-PAR,21,REGULAR SEASON,E2022,P011302,1.0,1.0,PAR,11,"EXUM, DANTE LIMAN",30:03,20,4,8,2,6,6,7,2,2,4,5,1,2,0,0,2,5,22,4
E2022_294_P011302,E2022_294,MCO-PAR,33,REGULAR SEASON,E2022,P011302,0.0,1.0,PAR,11,"EXUM, DANTE LIMAN",20:13,2,1,4,0,0,0,0,1,2,3,2,2,4,0,1,1,0,0,8
E2022_309_P011302,E2022_309,MAD-PAR,35,PLAYOFFS,E2022,P011302,0.0,1.0,PAR,11,"EXUM, DANTE LIMAN",20:11,11,1,2,1,1,6,7,0,3,3,1,0,2,0,1,3,7,14,4
E2022_176_P011302,E2022_176,PAM-PAR,20,REGULAR SEASON,E2022,P011302,0.0,1.0,PAR,11,"EXUM, DANTE LIMAN",26:01,22,3,5,3,5,7,10,1,1,2,0,0,2,0,0,3,5,17,-13
E2022_161_P011302,E2022_161,TEL-PAR,18,REGULAR SEASON,E2022,P011302,0.0,1.0,PAR,11,"EXUM, DANTE LIMAN",28:41,17,2,5,1,3,10,12,1,2,3,0,0,2,0,0,3,9,17,-9
E2022_171_P011302,E2022_171,PAR-BAS,19,REGULAR SEASON,E2022,P011302,0.0,1.0,PAR,11,"EXUM, DANTE LIMAN",16:20,10,1,1,2,3,2,3,0,2,2,2,1,3,0,0,2,1,9,4
E2022_085_P011302,E2022_085,MAD-PAR,10,REGULAR SEASON,E2022,P011302,0.0,1.0,PAR,11,"EXUM, DANTE LIMAN",19:51,17,4,7,2,3,3,3,2,2,4,0,0,2,0,0,3,2,14,-14
E2022_204_P011302,E2022_204,ZAL-PAR,23,REGULAR SEASON,E2022,P011302,0.0,1.0,PAR,11,"EXUM, DANTE LIMAN",20:20,11,2,3,2,5,1,1,2,1,3,1,1,1,0,0,3,4,12,8
E2022_078_P011302,E2022_078,BAR-PAR,9,REGULAR SEASON,E2022,P011302,0.0,1.0,PAR,11,"EXUM, DANTE LIMAN",17:59,6,2,6,0,1,2,2,0,0,0,1,0,1,0,0,4,3,0,-4
E2022_269_P011302,E2022_269,PAR-OLY,30,REGULAR SEASON,E2022,P011302,0.0,1.0,PAR,11,"EXUM, DANTE LIMAN",23:57,15,5,8,1,3,2,4,0,1,1,4,3,1,0,1,3,5,16,10
E2022_127_P011302,E2022_127,ULK-PAR,15,REGULAR SEASON,E2022,P011302,1.0,1.0,PAR,11,"EXUM, DANTE LIMAN",17:51,10,2,6,0,0,6,6,0,1,1,2,0,2,0,0,5,4,6,4
E2022_288_P011302,E2022_288,PAR-MAD,32,REGULAR SEASON,E2022,P011302,0.0,1.0,PAR,11,"EXUM, DANTE LIMAN",23:08,15,3,4,2,4,3,4,1,3,4,3,0,0,0,0,2,2,18,16
E2022_325_P011302,E2022_325,MAD-PAR,39,PLAYOFFS,E2022,P011302,0.0,1.0,PAR,11,"EXUM, DANTE LIMAN",22:31,16,2,4,2,6,6,8,0,3,3,1,1,0,0,0,4,5,14,7
